Timestamp,ASIA,ASIA_4V4,ASIA_CLAN,AS_BATTLE_ROYALE,AS_DEAD_CITY,AUSTRALIA,AUSTRALIA_CLAN,DEAD_CITY,EUROPE,EUROPE_CLAN,EU_4V4,EU_BATTLE_ROYALE,EU_DEAD_CITY,INDIA,INDIA_CLAN,JAPAN,JAPAN_CLAN,NA_BATTLE_ROYALE,NA_DUO_BETA,RUSSIA,USA,USA_4V4,USA_BETA,USA_CLAN,USA_WEST,USA_WEST_CLAN
0,8,1,0,3,2,8,0,8,9,0,1,2,0,0,0,0,0,23,0,0,46,2,5,0,19,0
1,8,0,0,1,0,8,0,6,13,0,2,3,0,0,0,0,0,23,0,0,43,9,5,0,12,0
2,7,1,0,2,0,7,0,7,7,0,0,2,0,5,0,6,0,18,0,0,54,5,5,0,12,0
3,5,1,0,1,0,6,0,7,7,0,0,0,0,0,0,8,0,28,0,0,37,3,5,0,22,0
4,12,2,0,6,0,5,0,12,6,0,0,1,0,0,0,6,0,23,0,0,35,2,5,0,12,0
5,10,0,0,7,2,7,0,6,5,0,0,1,2,5,0,6,0,16,0,0,27,3,5,0,17,0
6,7,1,0,9,3,6,0,4,6,0,0,0,1,5,0,6,0,17,0,0,33,4,5,0,14,0
7,7,1,0,9,4,10,0,3,0,0,0,0,2,0,0,9,0,10,0,0,27,7,5,0,12,0
8,10,0,0,4,4,6,0,0,5,0,1,3,0,0,0,8,0,12,0,0,22,4,5,0,12,0
9,8,0,0,4,7,5,0,6,0,0,0,1,0,0,0,8,0,6,0,0,15,1,5,0,9,0
10,12,3,0,7,4,5,0,2,0,0,0,0,0,0,0,10,0,3,0,0,20,3,5,0,24,0
11,20,0,0,11,3,7,0,1,5,0,1,0,0,7,0,9,0,8,0,0,10,3,5,0,11,0
12,10,1,0,11,3,10,0,1,0,0,1,0,0,6,0,12,0,1,0,0,11,2,5,0,11,0
13,11,3,0,15,5,12,0,2,7,0,0,0,0,6,0,10,0,3,0,5,10,0,5,0,10,0
14,22,6,0,13,8,10,0,0,9,0,0,3,0,9,0,11,0,3,0,6,0,0,5,0,13,0
15,17,6,0,28,5,20,0,0,11,0,2,5,1,9,0,26,0,4,0,5,0,0,5,0,8,0
16,23,2,0,17,4,11,0,2,11,0,2,2,0,8,0,23,0,2,0,6,0,1,5,0,7,0
17,20,4,0,15,5,11,0,2,23,0,5,2,2,8,0,18,0,0,0,8,5,0,5,0,11,0
18,25,5,0,14,5,11,0,0,17,0,2,6,5,10,0,27,0,0,0,6,5,0,5,0,7,0
19,26,5,0,23,8,8,0,1,22,0,2,9,2,12,0,21,0,0,0,9,5,2,5,0,10,0
20,16,5,0,14,11,7,0,1,27,0,2,14,2,7,0,17,0,1,0,8,6,1,5,0,15,0
21,18,3,0,17,9,12,0,0,29,0,0,7,6,6,0,20,0,1,0,6,0,0,5,0,18,0
22,28,5,0,27,3,12,0,1,24,0,1,10,3,6,0,14,0,4,0,5,0,0,5,0,15,0
23,26,5,0,18,10,9,0,1,32,0,3,12,5,8,0,12,0,3,0,8,5,0,5,0,17,0
24,32,4,0,16,4,8,0,0,38,0,4,15,4,9,0,16,0,0,0,6,7,0,5,0,7,0
25,24,3,0,20,10,5,0,0,33,0,3,10,5,6,0,11,0,1,0,7,8,0,5,0,12,0
26,20,3,0,21,8,7,0,1,35,0,5,14,8,11,0,7,0,2,0,8,11,1,5,0,12,0
27,20,7,0,15,6,5,0,3,39,0,7,15,5,8,0,9,0,4,0,5,10,0,5,0,8,0
28,22,6,0,8,3,7,0,3,55,0,5,17,5,8,0,10,0,1,0,8,6,4,5,0,7,0
29,26,6,0,13,0,0,0,5,59,0,5,22,4,6,0,12,0,4,0,9,11,2,5,0,6,0
30,23,2,0,6,4,5,0,3,43,0,5,14,10,6,0,10,0,4,0,6,20,3,5,0,6,0
31,23,1,0,4,3,0,0,4,56,0,3,16,8,5,0,8,0,4,0,9,12,2,5,0,6,0
32,13,2,0,5,2,0,0,6,58,0,7,17,7,11,0,6,0,6,0,10,25,1,5,0,12,0
33,11,0,0,5,1,5,0,5,58,0,1,25,6,12,0,0,0,12,0,8,27,5,5,0,12,0
34,9,2,0,4,5,0,0,6,52,0,1,15,12,9,0,0,0,11,0,7,34,4,5,0,17,0
35,10,0,0,1,2,0,0,7,52,0,9,18,9,6,0,0,0,12,0,8,41,1,5,0,28,0
36,12,2,0,2,2,0,0,7,54,0,5,12,6,5,0,0,0,15,0,8,30,2,5,0,16,0
37,12,0,0,2,0,7,0,8,56,0,6,21,5,7,0,0,0,17,0,10,33,7,5,0,15,0
38,9,0,0,5,2,0,0,5,51,0,5,12,7,7,0,5,0,18,0,11,35,5,5,0,18,0
39,9,2,0,1,3,0,0,3,55,0,3,15,0,6,0,0,0,13,0,6,35,5,5,0,25,0
40,7,1,0,0,1,6,0,7,48,0,2,17,3,0,0,6,0,18,0,9,41,6,5,0,23,0
41,8,0,0,1,1,5,0,15,37,0,0,12,8,0,0,0,0,28,0,5,35,10,5,0,11,0
42,0,0,0,0,0,5,0,9,37,0,3,7,5,0,0,0,0,25,0,7,42,2,5,0,12,0
43,0,0,0,3,1,5,0,5,26,0,4,8,5,0,0,0,0,24,0,0,42,5,5,0,11,0
44,0,0,0,2,1,6,0,9,20,0,2,3,2,0,0,0,0,22,0,0,51,4,5,0,12,0
45,5,0,0,0,0,0,0,8,21,0,0,4,3,5,0,5,0,18,0,0,49,3,5,0,17,0
46,6,1,0,1,1,6,0,8,20,0,2,1,0,5,0,6,0,20,0,0,55,3,5,0,17,0
47,7,0,0,1,0,10,0,3,21,0,0,2,4,0,0,5,0,10,0,5,49,5,5,0,15,0
48,8,1,0,2,0,8,0,8,11,0,0,0,0,0,0,5,0,20,0,5,42,6,5,0,18,0
49,9,1,0,2,1,6,0,10,5,0,2,1,0,5,0,7,0,17,0,5,47,2,5,0,24,0
50,10,2,0,4,0,11,0,6,6,0,0,0,0,0,0,5,0,14,0,0,42,5,5,0,19,0
51,10,2,0,6,1,6,0,3,0,0,2,3,0,0,0,11,0,12,0,0,47,4,5,0,24,0
52,5,2,0,5,2,5,0,9,0,0,0,1,0,5,0,9,0,10,0,5,42,2,5,0,20,0
53,8,1,0,5,5,6,0,7,5,0,0,0,0,5,0,6,0,17,0,0,45,2,5,0,16,0
54,7,0,0,9,4,7,0,5,6,0,0,0,0,0,0,0,0,12,0,5,39,5,5,0,12,0
55,12,0,0,5,2,7,0,4,5,0,0,1,0,0,0,9,0,13,0,0,35,4,5,0,11,0
56,11,6,0,6,0,12,0,5,5,0,0,1,0,0,0,5,0,6,0,0,29,2,5,0,12,0
57,13,1,0,9,4,12,0,1,0,0,0,0,0,5,0,7,0,2,0,0,19,2,5,0,17,0
58,22,1,0,4,5,12,0,1,5,0,0,0,0,5,0,8,0,7,0,0,20,2,5,0,23,0
59,19,4,0,10,4,11,0,0,5,0,0,0,0,7,0,12,0,9,0,5,11,1,5,0,12,0
60,12,7,0,12,5,9,0,1,0,0,0,0,0,5,0,7,0,7,0,5,10,3,5,0,12,0
61,21,8,0,10,5,12,0,1,6,0,1,1,2,7,0,10,0,0,0,5,7,3,5,0,9,0
62,17,1,0,9,1,10,0,0,8,0,1,3,0,11,0,7,0,0,0,6,15,1,5,0,11,0
63,22,2,0,7,7,8,0,1,8,0,1,5,2,7,0,10,0,0,0,9,10,3,5,0,10,0
64,21,8,0,24,4,11,0,0,11,0,3,4,0,7,0,12,0,1,0,7,0,0,5,0,10,0
65,19,4,0,19,6,8,0,1,13,0,1,6,4,8,0,19,0,2,0,9,5,0,5,0,0,0
66,21,6,0,16,11,7,0,1,17,0,0,4,2,6,0,23,0,1,0,5,10,1,5,0,7,0
67,27,4,0,12,9,8,0,0,27,0,1,10,2,7,0,12,0,3,0,9,0,0,5,0,10,0
68,24,5,0,14,11,9,0,1,20,0,1,4,2,9,0,10,0,2,0,8,5,1,5,0,11,0
69,18,7,0,18,8,12,0,2,30,0,2,13,1,9,0,19,0,1,0,7,6,1,5,0,9,0
70,21,3,0,20,5,6,0,1,34,0,4,17,4,10,0,12,0,0,0,8,0,0,5,0,12,0
71,25,5,0,22,7,6,0,0,32,0,3,21,2,12,0,10,0,0,0,5,6,1,5,0,10,0
72,33,6,0,17,6,6,0,1,32,0,8,10,3,10,0,22,0,1,0,10,6,0,5,0,8,0
73,20,2,0,17,8,5,0,2,33,0,1,12,4,7,0,19,0,1,0,8,6,0,5,0,11,0
74,23,6,0,10,3,5,0,0,33,0,2,13,5,8,0,10,0,2,0,6,7,1,5,0,12,0
75,23,11,0,16,6,7,0,3,43,0,1,16,4,9,0,9,0,6,0,8,12,1,5,0,12,0
76,27,9,0,9,6,7,0,7,35,0,3,13,4,8,0,7,0,4,0,9,10,3,5,0,9,0
77,27,5,0,12,4,0,0,4,49,0,3,13,9,9,0,7,0,10,0,9,18,4,5,0,7,0
78,24,3,0,11,3,0,0,4,48,0,1,17,6,8,0,9,0,3,0,6,23,3,5,0,6,0
79,25,2,0,9,2,5,0,4,40,0,2,13,6,10,0,6,0,4,0,7,28,2,5,0,8,0
80,23,3,0,5,3,5,0,5,53,0,5,10,7,12,0,6,0,8,0,7,23,1,5,0,10,0
81,12,2,0,9,2,5,0,4,54,0,7,14,3,8,0,8,0,11,0,7,22,3,5,0,13,0
82,15,4,0,4,2,0,0,6,56,0,1,9,5,9,0,6,0,15,0,5,29,4,5,0,7,0
83,12,4,0,4,1,0,0,5,39,0,4,12,10,5,0,5,0,13,0,5,41,5,5,0,33,0
84,17,4,0,3,0,0,0,10,57,0,4,21,12,7,0,0,0,14,0,8,30,3,5,0,17,0
85,10,2,0,4,0,0,0,5,64,0,10,32,11,7,0,0,0,12,0,6,27,8,5,0,18,0
86,8,1,0,5,3,5,0,5,58,0,7,11,6,5,0,5,0,18,0,9,27,7,5,0,16,0
87,6,0,0,2,1,5,0,7,52,0,4,21,2,7,0,6,0,14,0,7,26,4,5,0,26,0
88,8,1,0,1,0,0,0,9,55,0,2,12,5,0,0,0,0,17,0,0,29,3,5,0,25,0
89,6,1,0,1,0,0,0,12,52,0,5,15,8,5,0,0,0,17,0,6,36,5,5,0,19,0
90,6,0,0,1,1,5,0,8,35,0,0,10,6,6,0,0,0,15,0,5,32,4,5,0,18,0
91,0,1,0,2,0,0,0,9,34,0,0,9,9,0,0,5,0,12,0,0,38,4,5,0,17,0
92,5,0,0,2,1,6,0,7,27,0,4,2,3,5,0,0,0,16,0,5,38,6,5,0,18,0
93,5,2,0,4,0,7,0,7,23,0,2,6,2,5,0,0,0,30,0,0,44,14,5,0,19,0
94,9,0,0,5,0,6,0,4,12,0,0,5,2,0,0,7,0,13,0,5,44,5,5,0,10,0
95,5,0,0,1,0,6,0,5,10,0,0,5,3,0,0,5,0,19,0,0,44,2,5,0,19,0
96,5,0,0,1,1,11,0,7,9,0,0,6,0,0,0,5,0,19,0,0,39,2,5,0,21,0
97,5,1,0,1,2,9,0,3,9,0,0,4,0,0,0,6,0,11,0,0,42,8,5,0,27,0
98,7,0,0,5,0,8,0,7,6,0,0,1,0,5,0,6,0,16,0,0,54,4,5,0,23,0
99,8,0,0,8,1,7,0,11,5,0,2,1,0,0,0,10,0,18,0,5,49,1,5,0,20,0
100,11,0,0,7,1,10,0,8,5,0,1,2,0,5,0,7,0,19,0,0,35,7,5,0,16,0
101,7,2,0,8,2,8,0,8,5,0,0,1,0,5,0,5,0,17,0,0,39,2,5,0,19,0
102,12,2,0,5,7,8,0,3,5,0,1,0,0,0,0,8,0,13,0,0,37,3,5,0,19,0
103,12,2,0,8,6,10,0,4,5,0,1,0,0,5,0,0,0,11,0,0,29,2,5,0,24,0
104,7,2,0,13,15,12,0,3,5,0,5,0,0,5,0,10,0,8,0,0,28,1,5,0,22,0
105,10,5,0,5,4,12,0,2,5,0,0,0,1,0,0,9,0,5,0,5,12,2,5,0,20,0
106,10,2,0,17,10,9,0,4,7,0,0,2,0,6,0,5,0,4,0,0,17,6,5,0,24,0
107,17,3,0,15,5,8,0,0,5,0,2,0,0,7,0,7,0,11,0,0,10,2,5,0,18,0
108,12,6,0,18,3,11,0,0,6,0,1,1,1,6,0,11,0,3,0,6,12,2,5,0,19,0
109,11,6,0,15,6,12,0,3,5,0,0,1,3,7,0,7,0,6,0,5,9,2,5,0,23,0
110,23,2,0,23,7,9,0,0,0,0,1,3,1,7,0,12,0,5,0,6,5,2,5,0,22,0
111,10,6,0,21,4,10,0,1,6,0,1,0,2,10,0,11,0,6,0,8,6,1,5,0,23,0
112,28,8,0,21,4,12,0,1,10,0,0,7,1,10,0,10,0,2,0,8,6,0,5,0,9,0
113,37,4,0,21,6,11,0,2,16,0,1,3,4,10,0,13,0,1,0,6,5,0,5,0,10,0
114,24,9,0,10,7,10,0,0,18,0,5,6,0,11,0,23,0,1,0,11,6,0,5,0,12,0
115,11,3,0,9,10,11,0,0,21,0,3,8,2,5,0,18,0,0,0,10,5,0,5,0,18,0
116,20,4,0,15,11,0,0,0,24,0,2,12,3,7,0,23,0,2,0,7,5,0,5,0,20,0
117,24,2,0,15,9,5,0,1,23,0,1,17,2,8,0,17,0,1,0,6,6,1,5,0,25,0
118,26,4,0,17,11,7,0,0,28,0,2,11,2,8,0,11,0,2,0,8,5,0,5,0,22,0
119,22,7,0,28,10,7,0,0,26,0,2,14,6,12,0,11,0,0,0,9,0,1,5,0,27,0
120,24,7,0,22,3,6,0,0,24,0,2,8,4,8,0,10,0,1,0,10,10,1,5,0,20,0
121,21,6,0,8,13,10,0,0,23,0,4,11,4,7,0,10,0,1,0,7,7,0,5,0,19,0
122,27,4,0,12,5,5,0,0,34,0,1,13,6,5,0,11,0,3,0,7,5,5,5,0,23,0
123,20,3,0,10,7,0,0,0,23,0,3,14,4,9,0,10,0,1,0,8,15,0,5,0,17,0
124,29,6,0,15,12,0,0,4,42,0,4,10,1,10,0,11,0,6,0,8,23,1,5,0,10,0
125,38,6,0,9,4,5,0,4,37,0,5,16,3,10,0,11,0,5,0,11,17,2,5,0,12,0
126,28,5,0,13,5,5,0,7,42,0,8,13,9,6,0,12,0,9,0,5,20,2,5,0,7,0
127,25,4,0,14,2,7,0,4,45,0,4,16,8,8,0,12,0,7,0,7,20,6,5,0,6,0
128,22,1,0,14,6,5,0,2,44,0,6,20,9,9,0,6,0,11,0,8,33,1,5,0,24,0
129,12,4,0,6,3,0,0,6,39,0,4,17,11,8,0,6,0,13,0,7,23,5,5,0,17,0
130,11,4,0,3,3,5,0,6,43,0,6,20,7,9,0,0,0,19,0,12,29,3,5,0,23,0
131,12,3,0,4,2,0,0,13,47,0,4,20,4,6,0,5,0,6,0,10,39,5,5,0,25,0
132,10,1,0,8,4,0,0,9,56,0,8,19,8,8,0,7,0,22,0,11,31,5,5,0,23,0
133,12,1,0,6,1,0,0,7,66,0,11,18,7,7,0,7,0,22,0,11,41,6,5,0,14,0
134,8,2,0,6,3,5,0,4,48,0,5,12,4,7,0,0,0,17,0,9,42,6,5,0,19,0
135,6,1,0,6,2,0,0,10,46,0,3,12,10,5,0,0,0,12,0,7,24,5,5,0,22,0
136,0,3,0,0,3,0,0,7,55,0,3,7,6,0,0,0,0,16,0,8,24,6,5,0,16,0
137,10,0,0,5,3,5,0,5,35,0,4,14,10,5,0,0,0,12,0,6,34,6,5,0,10,0
138,10,2,0,1,0,5,0,6,49,0,1,9,11,0,0,0,0,20,0,6,32,1,5,0,6,0
139,9,1,0,3,1,6,0,4,21,0,3,14,5,0,0,0,0,19,0,6,35,7,5,0,12,0
140,6,1,0,3,1,5,0,7,22,0,3,8,2,5,0,5,0,20,0,8,53,9,5,0,12,0
141,7,0,0,1,2,7,0,7,22,0,4,3,3,5,0,5,0,12,0,5,41,8,5,0,12,0
142,0,1,0,0,1,8,0,5,18,0,1,2,1,0,0,5,0,22,0,0,53,3,5,0,10,0
143,9,0,0,3,1,9,0,6,14,0,0,7,1,0,0,5,0,29,0,0,38,5,5,0,12,0
144,5,1,0,1,2,10,0,13,6,0,1,3,2,0,0,5,0,21,0,0,43,5,5,0,14,0
145,8,0,0,3,1,6,0,12,7,0,1,1,1,0,0,6,0,17,0,0,38,4,5,0,18,0
146,12,3,0,10,5,12,0,5,10,0,0,2,0,0,0,9,0,11,0,5,29,13,5,0,26,0
147,12,1,0,16,6,11,0,6,0,0,0,3,0,0,0,9,0,11,0,0,35,3,5,0,26,0
148,11,1,0,17,9,9,0,8,6,0,0,0,0,5,0,12,0,8,0,0,40,5,5,0,23,0
149,13,2,0,23,11,12,0,7,5,0,0,0,0,5,0,11,0,10,0,0,43,6,5,0,20,0
150,18,5,0,16,9,7,0,9,6,0,1,0,0,0,0,15,0,23,0,6,41,5,5,0,36,0
151,23,4,0,24,10,11,0,8,5,0,0,1,1,0,0,16,0,13,0,0,41,0,5,0,39,0
152,20,9,0,23,8,9,0,6,0,0,0,1,0,6,0,13,0,8,0,0,35,7,5,0,35,0
153,22,8,0,16,12,6,0,4,5,0,2,1,0,6,0,12,0,5,0,5,24,4,5,0,32,0
154,25,3,0,16,17,10,1,0,0,0,0,1,0,5,0,18,0,8,0,5,19,3,5,0,31,0
155,25,2,0,20,5,7,0,1,5,0,1,0,0,8,0,22,0,8,0,5,20,1,5,0,35,0
156,17,4,0,23,7,12,0,3,0,0,2,0,0,9,0,18,0,7,0,6,17,4,5,0,32,0
157,32,10,0,23,2,10,0,3,7,0,2,5,0,7,0,17,0,1,0,6,12,1,5,0,34,0
158,32,5,0,30,8,10,0,1,10,0,1,6,0,12,0,19,0,0,0,5,8,2,5,0,33,0
159,27,8,4,25,13,9,0,2,6,0,1,2,1,9,0,23,0,4,0,5,8,1,5,0,25,0
160,28,8,6,21,7,11,0,1,12,0,1,11,0,12,0,23,0,5,0,9,6,2,5,0,27,0
161,39,5,0,26,8,12,0,1,24,0,2,7,1,7,0,25,0,2,0,8,0,0,5,0,27,0
162,31,9,0,26,11,12,0,1,21,0,2,10,5,6,0,17,0,0,0,9,0,0,5,0,26,0
163,33,7,0,21,9,12,0,2,27,0,1,15,6,8,0,10,0,2,0,11,5,3,5,0,22,0
164,24,9,0,19,18,8,0,1,32,0,1,11,9,12,0,18,0,1,0,8,5,0,5,0,17,0
165,35,1,0,16,11,9,0,1,42,0,7,17,4,6,0,15,0,1,0,9,0,2,5,0,17,0
166,38,2,0,20,9,11,0,0,41,0,4,12,8,6,0,21,0,1,0,5,0,1,5,0,21,0
167,32,11,0,26,8,9,0,0,36,0,3,18,4,8,0,17,0,0,0,7,6,1,5,0,17,0
168,31,9,0,16,7,11,1,2,38,0,3,17,7,6,0,21,0,1,0,6,6,0,5,0,22,0
169,26,5,0,17,8,7,0,0,42,0,4,16,6,8,0,16,0,1,0,6,6,0,5,0,24,0
170,21,9,0,19,4,0,0,1,38,0,8,15,3,9,0,10,0,2,0,8,8,1,5,0,31,0
171,20,4,0,13,5,5,0,3,38,0,6,6,3,9,0,12,0,3,0,5,12,3,5,0,24,0
172,23,8,0,17,3,5,0,3,38,0,2,15,6,8,0,12,0,4,0,0,10,4,5,0,17,0
173,31,5,0,14,4,5,0,1,40,0,7,14,10,9,0,13,0,3,0,6,13,1,5,0,10,0
174,27,4,0,9,6,0,0,3,53,0,9,14,8,9,0,17,0,5,0,10,13,4,5,0,11,0
175,31,3,0,14,2,7,0,5,49,0,4,15,5,6,0,8,0,8,0,7,26,5,5,0,5,0
176,32,3,0,16,3,0,0,6,38,0,2,15,8,7,0,8,0,5,0,6,25,1,5,0,6,0
177,15,0,0,9,7,0,0,8,32,0,7,13,5,8,0,6,0,13,0,11,26,4,5,0,5,0
178,16,3,0,7,5,0,0,6,41,0,6,14,8,9,0,7,0,17,0,6,26,2,5,0,6,0
179,15,3,0,6,2,0,0,2,46,0,3,14,8,6,0,0,0,8,0,5,28,4,5,0,14,0
180,8,1,0,5,4,0,0,5,43,0,3,10,8,0,0,6,0,18,0,12,24,2,5,0,12,0
181,8,1,0,5,4,0,0,5,43,0,3,10,8,0,0,6,0,18,0,12,24,2,5,0,12,0
182,11,0,0,3,2,0,0,6,50,0,3,16,11,9,0,5,0,11,0,0,40,10,5,0,11,3
183,8,2,0,8,1,0,0,7,47,0,2,9,12,7,0,0,0,17,0,6,38,13,5,0,12,0
184,5,3,0,2,2,0,0,7,47,0,6,7,8,5,0,0,0,25,0,7,30,8,5,0,11,0
185,11,2,0,4,3,0,0,3,31,0,4,11,8,7,0,0,0,20,0,8,33,0,5,0,15,0
186,5,1,0,8,1,0,0,10,31,0,4,6,10,0,0,5,0,11,0,7,36,5,5,0,10,0
187,6,0,0,2,2,6,0,12,28,0,0,7,7,0,0,0,0,9,0,5,38,6,5,0,16,0
188,5,0,0,4,0,0,0,6,30,0,2,4,3,0,0,5,0,15,0,6,40,8,5,0,9,0
189,10,0,0,1,0,5,0,5,20,0,0,5,3,0,0,6,0,10,0,5,39,8,5,0,10,0
190,7,0,0,2,0,7,0,4,15,0,0,3,1,0,0,8,0,13,0,0,52,6,5,0,10,0
191,6,1,0,3,0,6,0,8,17,0,0,5,2,0,0,5,0,11,0,5,49,3,5,0,17,0
192,5,2,0,4,0,9,0,7,15,0,2,7,0,0,0,7,0,10,0,5,41,4,5,0,14,0
193,7,2,0,2,5,5,0,10,14,0,0,6,2,0,0,8,0,16,0,0,39,3,5,0,20,0
194,10,1,0,3,0,5,0,12,6,0,2,4,0,0,0,5,0,18,0,5,38,3,5,0,21,0
195,6,4,0,9,3,7,0,10,7,0,0,0,0,0,0,11,0,20,0,0,36,6,5,0,23,0
196,11,2,0,6,7,8,0,5,5,0,0,2,0,0,0,11,0,23,0,0,37,5,5,0,33,0
197,12,1,0,12,9,9,0,8,0,0,1,0,0,0,0,10,0,17,0,0,29,5,5,0,21,0
198,18,5,0,12,3,9,0,5,6,0,0,0,0,0,0,11,0,11,0,5,26,5,5,0,25,0
199,16,11,0,15,4,10,0,6,0,0,1,0,0,5,0,10,0,13,0,6,25,3,5,0,43,0
200,18,6,0,13,5,10,0,2,5,0,0,1,0,5,0,11,0,15,0,6,27,4,5,0,34,0
201,25,7,0,27,6,8,0,4,0,0,0,0,0,6,0,8,0,14,0,0,23,2,5,0,35,0
202,25,6,0,21,3,9,0,4,0,0,0,1,0,7,0,12,0,5,0,0,18,0,5,0,34,0
203,19,6,0,18,10,11,0,3,0,0,0,1,0,5,0,15,0,6,0,5,19,6,5,0,32,0
204,21,6,0,22,10,8,0,1,0,0,0,1,0,8,0,24,0,7,0,6,18,0,5,0,30,0
205,14,8,0,19,9,11,0,2,5,0,0,2,0,6,0,22,0,4,0,6,15,1,5,0,30,0
206,20,7,0,17,7,10,0,1,9,0,1,1,1,7,0,18,0,4,0,0,11,0,5,0,22,0
207,25,5,0,15,7,12,0,1,12,0,1,4,1,8,0,19,0,4,0,0,6,1,5,0,21,0
208,33,9,0,16,8,10,0,1,20,0,3,4,3,11,0,16,0,5,0,5,7,2,5,0,17,0
209,36,8,0,20,7,12,0,1,19,0,3,10,2,12,0,21,0,7,0,7,0,0,5,0,17,0
210,35,8,0,21,9,9,0,1,23,0,1,13,3,8,0,18,0,4,0,9,0,1,5,0,10,0
211,33,8,0,23,11,11,0,1,30,0,2,11,4,7,0,11,0,4,0,8,0,0,5,0,27,0
212,27,10,0,25,9,11,0,0,27,0,1,13,7,8,0,18,0,1,0,9,0,0,5,0,19,0
213,22,5,0,21,6,10,0,0,38,0,1,16,10,12,0,14,0,4,0,7,5,0,5,0,17,0
214,15,6,0,17,7,9,0,1,38,0,5,17,8,7,0,16,0,2,0,12,6,0,5,0,22,0
215,28,5,0,17,4,9,0,0,50,0,5,11,7,7,0,17,0,2,0,7,5,0,5,0,9,0
216,23,3,0,19,6,8,0,2,41,0,2,22,6,11,0,15,0,1,0,0,5,1,5,0,12,0
217,27,3,0,7,9,9,0,0,34,0,3,14,5,9,0,13,0,3,0,7,8,0,5,0,7,0
218,26,6,0,14,7,6,0,3,40,0,3,12,2,7,0,12,0,2,0,7,7,1,5,0,12,0
219,23,5,0,11,4,0,1,0,44,0,2,12,4,11,0,12,0,2,0,6,6,0,5,0,10,0
220,33,7,0,14,5,5,0,2,38,0,2,13,6,9,0,10,0,2,0,10,14,1,5,0,11,0
221,22,6,0,9,8,0,0,2,47,0,4,16,11,9,0,8,0,7,0,7,12,2,5,0,11,0
222,22,5,0,13,5,0,0,4,45,0,4,12,3,9,0,12,0,3,0,9,14,6,5,0,8,0
223,15,6,0,6,1,0,0,3,36,0,5,19,4,9,0,8,0,5,0,9,21,1,5,0,9,0
224,16,2,0,10,3,5,0,4,43,0,4,15,7,5,0,7,0,10,0,10,17,0,5,0,7,0
225,12,0,0,6,3,0,0,4,48,0,1,13,6,6,0,11,0,5,0,5,26,3,5,0,11,0
226,10,4,0,1,0,5,0,3,38,0,2,17,6,6,0,0,0,16,0,6,19,3,5,0,10,0
227,12,0,0,3,0,0,0,6,48,0,5,13,7,7,0,0,0,15,0,6,16,4,5,0,9,0
228,7,1,0,7,3,0,0,5,59,0,2,15,9,5,0,0,0,11,0,7,33,5,5,0,9,0
229,8,3,0,7,1,0,0,7,48,0,4,12,6,11,0,0,0,15,0,0,39,3,5,0,11,0
230,7,1,0,1,1,0,0,3,53,0,3,17,4,5,0,5,0,13,0,7,40,5,5,0,8,0
231,7,0,0,2,1,0,0,2,48,0,6,11,7,0,0,0,0,18,0,9,36,7,5,0,11,0
232,8,3,0,3,1,5,0,4,33,0,2,7,5,5,0,0,0,7,0,6,29,6,5,0,12,0
233,5,0,0,1,2,5,0,5,24,0,4,8,5,6,0,0,0,16,0,0,43,2,5,0,14,0
234,5,5,0,1,1,0,0,8,25,0,2,4,0,0,0,0,0,22,0,0,34,4,5,0,10,0
235,7,0,0,0,0,7,0,10,24,0,0,5,6,0,0,0,0,23,0,8,35,3,5,0,11,0
236,5,1,0,3,1,9,0,7,23,0,0,4,3,0,0,0,0,19,0,5,38,6,5,0,11,0
237,0,1,0,3,1,5,0,8,17,0,1,8,1,0,0,0,0,26,0,5,37,3,5,0,17,0
238,0,1,0,3,0,0,0,7,12,0,1,3,0,5,0,7,0,13,0,0,32,14,5,0,9,0
239,0,1,0,5,1,11,0,8,11,0,2,4,0,0,0,5,0,24,0,0,47,2,5,0,12,0
240,7,2,0,2,2,6,0,4,13,0,1,0,2,0,0,6,0,18,0,0,45,5,5,0,17,0
241,6,1,0,2,3,6,0,7,7,0,1,1,1,0,0,5,0,14,0,0,39,5,5,0,16,0
242,6,1,0,2,1,11,0,3,8,0,1,0,0,0,0,6,0,17,0,0,27,4,5,0,7,0
243,6,0,0,4,1,0,0,8,6,0,1,4,0,0,0,6,0,19,0,0,40,1,5,1,11,0
244,6,2,0,3,5,6,0,6,5,0,0,1,0,0,0,5,0,18,0,0,36,0,5,3,13,0
245,7,0,0,8,2,10,0,4,6,0,3,1,0,0,0,7,0,19,0,0,36,3,5,6,15,0
246,12,0,0,10,0,7,0,7,6,0,0,0,1,5,0,6,0,11,0,5,30,2,5,8,11,0
247,10,1,0,10,1,7,0,5,5,0,0,0,0,0,0,8,0,6,0,5,25,2,5,0,12,0
248,10,3,0,7,5,12,0,6,0,0,0,0,0,0,0,11,0,6,0,5,16,3,5,0,10,0
249,11,6,0,7,0,12,0,3,0,0,0,0,0,0,0,9,0,9,0,5,16,5,5,0,11,0
250,9,3,0,12,2,12,0,2,0,0,0,1,0,6,0,7,0,3,0,0,16,2,5,0,11,0
251,10,4,0,6,5,12,0,1,0,0,0,0,0,6,0,11,0,3,0,0,21,0,5,0,14,0
252,12,3,0,10,3,9,0,3,5,0,1,0,0,7,0,12,0,4,0,5,8,0,5,0,12,0
253,10,4,0,15,3,7,0,0,7,0,0,1,1,9,0,11,0,1,0,7,7,1,5,0,8,0
254,12,2,0,10,6,9,0,1,8,0,0,2,0,8,0,12,0,0,0,5,5,1,5,0,8,0
255,10,4,0,19,9,7,0,0,12,0,0,2,1,9,0,20,0,1,0,0,5,0,5,0,11,0
256,12,6,0,18,9,8,0,0,17,0,0,1,0,9,0,21,0,2,0,8,5,0,5,0,5,0
257,13,0,0,16,2,11,0,0,13,0,2,5,2,9,0,21,0,1,0,5,5,0,5,0,5,0
258,18,3,0,19,4,12,0,0,15,0,0,6,1,7,0,12,0,0,0,8,0,2,5,0,0,0
259,18,2,0,17,10,8,0,0,18,0,2,14,1,6,0,20,0,1,0,0,0,1,5,0,8,0
260,13,6,0,13,12,12,0,0,19,0,3,7,3,7,0,22,0,1,0,6,6,1,5,0,10,0
261,21,6,0,21,5,9,0,0,23,0,1,11,3,7,0,22,0,2,0,8,0,2,5,0,15,0
262,27,4,0,11,6,9,0,1,26,0,0,5,1,10,0,18,0,3,0,12,6,1,5,0,15,0
263,34,3,0,13,5,10,0,1,27,0,1,11,3,12,0,10,0,2,0,9,6,0,5,0,8,0
264,26,6,0,14,7,10,0,0,17,0,2,18,0,6,0,10,0,0,0,9,6,0,5,0,9,0
265,20,5,0,13,5,5,0,0,20,0,2,11,4,11,0,21,0,2,0,6,11,0,5,0,11,0
266,20,7,0,17,5,5,0,2,26,0,2,12,5,11,0,12,0,1,0,9,11,0,5,0,13,0
267,19,5,0,12,5,7,0,1,30,0,2,21,3,7,0,10,0,0,0,5,12,1,5,0,11,0
268,22,8,0,14,3,0,0,3,33,0,4,20,4,7,0,12,0,5,0,5,21,2,5,0,13,0
269,26,12,0,11,3,0,0,1,38,0,4,17,8,12,0,8,0,7,0,10,21,3,5,0,12,0
270,27,5,0,9,4,5,0,5,37,0,5,14,6,10,0,5,0,3,0,6,23,2,5,0,17,0
271,21,6,0,6,0,0,0,1,41,0,3,14,3,10,0,0,0,5,0,7,19,5,5,0,10,0
272,26,9,0,5,2,0,0,3,52,0,7,11,2,6,0,6,0,12,0,9,23,0,5,0,5,0
273,22,4,0,9,3,6,0,2,32,0,13,17,6,8,0,0,0,7,0,8,38,2,5,0,40,0
274,15,3,0,7,2,6,0,7,52,0,8,23,7,0,0,0,0,8,0,7,28,3,5,0,18,0
275,10,2,0,3,1,5,0,6,54,0,12,13,2,7,0,0,0,18,0,10,31,2,5,0,14,0
276,9,1,0,3,0,0,0,7,80,0,9,12,4,8,0,0,0,14,0,8,23,3,5,0,17,0
277,10,1,0,3,0,0,0,7,61,0,6,11,9,9,0,0,0,14,0,6,30,3,5,0,26,0
278,9,4,0,2,0,5,0,2,56,0,8,16,8,5,0,0,0,23,0,6,30,4,5,0,40,0
279,10,3,0,4,0,0,0,2,53,0,11,14,4,0,0,0,0,18,0,7,33,2,5,0,25,0
280,11,2,0,2,1,8,0,4,42,0,10,13,6,0,0,0,0,15,0,9,35,6,5,0,14,0
281,8,1,0,3,1,5,0,5,26,0,11,11,6,5,0,0,0,23,0,0,27,4,5,0,11,0
282,7,2,0,3,0,5,0,7,32,0,1,15,2,5,0,0,0,22,0,0,36,7,5,0,21,0
283,5,1,0,0,0,7,0,7,21,0,2,7,0,0,0,0,0,23,0,5,48,15,5,0,11,0
284,6,0,0,2,1,8,0,4,18,0,1,7,3,0,0,0,0,19,0,0,54,4,5,0,12,0
285,5,0,0,1,0,5,0,5,16,0,2,6,4,5,0,0,0,23,0,0,44,7,5,0,19,0
286,7,0,0,1,0,9,0,7,10,0,2,6,1,0,0,7,0,23,0,5,37,5,5,0,20,0
287,0,1,0,5,0,5,0,5,10,0,0,3,2,0,0,6,0,16,0,0,42,5,5,0,10,0
288,7,0,0,3,0,5,0,7,8,0,0,7,0,0,0,6,0,16,0,0,41,4,5,0,12,0
289,7,0,0,2,0,8,0,10,5,0,0,1,0,0,0,5,0,19,0,0,45,6,5,0,12,0
290,8,1,0,2,0,0,0,4,5,0,0,0,0,0,0,6,0,20,0,0,37,8,5,0,18,0
291,7,1,0,2,0,7,0,7,5,0,0,0,0,0,0,5,0,27,0,0,39,5,5,0,12,0
292,10,1,0,2,1,6,0,4,7,0,0,0,0,0,0,0,0,9,0,0,33,8,5,0,10,0
293,9,1,0,4,3,8,0,2,0,0,0,2,0,5,0,7,0,17,0,0,37,6,5,0,17,0
294,12,3,0,7,3,7,0,3,0,0,0,1,0,0,0,9,0,7,0,0,31,7,5,0,13,0
295,12,0,0,7,0,10,0,5,0,0,0,1,1,0,0,10,0,11,0,0,15,2,5,0,19,0
296,9,3,0,14,9,5,0,8,5,0,1,1,0,6,0,8,0,9,0,0,12,4,5,0,14,0
297,8,3,0,14,1,6,0,4,0,0,1,1,0,5,0,11,0,2,0,0,9,1,5,0,21,0
298,9,4,0,10,2,8,0,1,0,0,0,2,0,0,0,11,0,5,0,0,7,0,5,0,16,0
299,12,4,0,12,6,7,0,2,5,0,0,1,0,6,0,10,0,2,0,0,10,2,5,0,12,0
300,20,2,0,13,8,12,0,1,0,0,1,1,0,7,0,7,0,4,0,0,10,1,5,0,9,0
301,23,2,0,14,5,8,0,0,6,0,0,2,1,7,0,8,0,5,0,5,11,2,5,0,20,0
302,16,5,0,16,7,15,0,0,16,0,0,1,1,6,0,6,0,2,0,5,7,2,5,0,10,0
303,19,4,0,20,13,12,0,0,17,0,2,3,0,8,0,22,0,2,0,8,6,0,5,0,10,0
304,10,6,0,14,6,6,0,0,12,0,1,4,0,8,0,24,0,1,0,6,5,0,5,0,10,0
305,24,6,0,27,11,10,0,0,13,0,2,9,0,10,0,20,0,2,0,6,0,3,5,0,22,0
306,26,3,0,17,4,11,0,1,12,0,1,13,3,7,0,15,0,3,0,9,5,0,5,0,11,0
307,26,2,0,17,13,7,0,0,22,0,1,8,0,12,0,14,0,1,0,10,0,0,5,0,6,0
308,20,7,0,18,7,8,0,0,25,0,1,8,3,10,0,20,0,0,0,11,0,1,5,0,11,0
309,18,4,0,23,4,11,0,0,23,0,2,14,2,10,0,20,0,0,0,9,0,1,5,0,12,0
310,25,10,0,18,7,10,0,0,18,0,2,12,3,10,0,16,0,0,0,0,5,1,5,0,12,0
311,27,7,0,22,4,11,0,0,24,0,3,12,0,9,0,19,0,0,0,8,6,0,5,0,11,0
312,22,4,0,14,7,7,0,2,36,0,0,15,3,7,0,15,0,1,0,8,6,0,5,0,14,0
313,25,5,0,7,8,0,0,3,18,0,1,8,2,12,0,18,0,0,0,12,9,1,5,0,7,0
314,32,4,0,14,7,8,0,0,23,0,5,14,4,7,0,19,0,1,0,11,12,2,5,0,12,0
315,19,6,0,17,9,6,0,0,26,0,2,15,6,11,0,10,0,3,0,7,19,4,5,0,12,0
316,22,4,0,12,9,5,0,2,43,0,2,20,4,7,0,9,0,9,0,7,11,3,5,0,11,0
317,25,7,0,14,5,0,0,5,40,0,2,8,4,8,0,8,0,9,0,7,21,2,5,0,6,0
318,24,3,0,13,3,0,0,0,39,0,4,11,2,9,0,8,0,4,0,6,28,0,5,0,19,0
319,22,8,0,8,3,0,0,2,37,0,5,14,5,9,0,7,0,18,0,7,34,1,5,0,22,0
320,20,3,0,11,2,0,0,1,41,0,2,13,9,9,0,6,0,18,0,5,30,3,5,0,8,0
321,15,2,0,7,1,0,0,4,53,0,4,16,7,7,0,6,0,13,0,6,30,3,5,0,47,0
322,11,2,0,4,0,0,0,4,54,0,0,11,6,7,0,5,0,20,0,5,31,5,5,0,25,0
323,12,1,0,4,3,0,0,3,58,0,6,18,14,11,0,5,0,14,0,6,18,2,5,0,24,0
324,9,0,0,4,3,0,0,6,63,0,0,18,13,8,0,5,0,19,0,0,32,2,5,0,24,0
325,8,2,0,6,4,0,0,4,72,0,2,14,14,7,0,0,0,11,0,5,25,2,5,0,16,0
326,19,1,0,3,0,0,0,13,76,0,4,11,10,9,0,0,0,13,0,8,31,1,5,0,18,0
327,11,0,0,4,1,0,0,4,68,0,6,18,3,5,0,5,0,17,0,5,37,5,5,0,18,0
328,12,1,0,4,0,0,0,2,46,0,7,16,3,0,0,6,0,23,0,6,30,6,5,0,9,0
329,12,1,0,1,1,0,0,7,32,0,1,16,7,5,0,0,0,14,0,6,43,4,5,0,17,0
330,6,0,0,2,0,0,0,9,32,0,1,23,4,0,0,5,0,25,0,6,30,9,5,0,25,0
331,5,0,0,0,2,0,0,2,30,0,1,13,4,0,0,0,0,15,0,5,41,4,5,0,18,0
332,0,0,0,0,0,7,0,7,23,0,2,5,2,0,0,0,0,11,0,0,40,9,5,0,11,0
333,6,1,0,1,0,5,0,9,19,0,1,4,1,0,0,0,0,12,0,5,46,4,5,0,15,0
334,0,0,0,4,1,6,0,12,16,0,2,5,3,0,0,6,0,13,0,5,40,6,5,0,13,0
335,0,1,0,1,0,0,0,7,16,0,0,3,1,0,0,6,0,16,0,5,31,5,5,0,10,0
336,5,1,0,1,0,7,0,9,7,0,0,3,0,5,0,0,0,18,0,5,41,3,5,0,17,0
337,5,2,0,1,2,12,0,4,6,0,0,4,0,0,0,5,0,21,0,0,42,4,5,0,23,0
338,7,1,0,1,0,6,0,8,0,0,0,2,0,0,0,5,0,14,0,0,36,2,5,0,17,0
339,15,0,0,1,3,7,0,5,8,0,0,0,0,0,0,7,0,20,0,0,27,10,5,0,16,0
340,9,3,0,2,3,7,0,1,5,0,1,1,1,5,0,5,0,16,0,5,38,9,5,0,20,0
341,10,0,0,5,2,12,0,8,5,0,0,0,0,0,0,9,0,14,0,0,33,2,5,0,12,0
342,13,0,0,4,5,12,0,9,0,0,2,0,0,0,0,7,0,12,0,0,34,0,5,0,9,0
343,9,0,0,6,2,11,0,3,0,0,0,0,0,0,0,8,0,8,0,0,30,1,5,0,12,0
344,11,1,0,10,2,9,0,1,0,0,0,0,0,5,0,8,0,10,0,0,14,3,5,0,11,0
345,12,3,0,16,4,8,0,3,0,0,0,0,0,7,0,10,0,5,0,0,22,0,5,0,15,0
346,11,3,0,12,4,6,0,3,0,0,0,1,1,7,0,9,0,7,0,0,8,3,5,0,14,0
347,12,1,0,9,3,11,0,3,0,0,0,1,1,7,0,5,0,3,0,0,17,1,5,0,8,0
348,27,4,0,9,2,12,0,4,0,0,0,1,0,10,0,12,0,3,0,5,11,0,5,0,17,0
349,22,6,0,9,4,10,0,3,7,0,0,1,1,9,0,10,0,2,0,0,10,1,5,0,17,0
350,17,6,0,14,4,10,0,2,5,0,1,3,0,8,0,13,0,1,0,5,0,1,5,0,12,0
351,22,4,0,22,4,7,0,0,9,0,0,4,0,11,0,23,0,0,0,7,5,0,5,0,8,0
352,19,1,0,27,8,6,0,1,12,0,2,11,3,9,0,19,0,3,0,6,5,0,5,0,8,0
353,15,6,0,18,4,7,0,1,20,0,1,8,3,9,0,23,0,3,0,10,5,0,5,0,0,0
354,17,2,0,22,4,0,0,1,25,0,1,5,5,7,0,18,0,2,0,6,0,1,5,0,6,0
355,19,3,0,11,10,9,0,0,22,0,2,10,7,9,0,20,0,0,0,7,0,2,5,0,12,0
356,17,1,0,14,5,8,0,0,19,0,3,11,5,9,0,22,0,1,0,9,0,1,5,0,11,0
357,21,9,0,21,6,6,0,1,25,0,4,10,1,7,0,14,0,0,0,8,5,0,5,0,7,0
358,23,3,0,24,10,8,0,2,25,0,4,13,3,6,0,12,0,3,0,8,6,0,5,0,10,0
359,21,5,0,8,6,8,0,0,28,0,4,6,3,10,0,12,0,2,0,9,0,0,5,0,8,0
360,34,5,0,13,10,5,0,0,21,0,3,12,3,10,0,10,0,0,0,7,6,0,5,0,7,0
361,24,7,0,14,7,9,0,1,31,0,5,11,3,12,0,9,0,0,0,7,10,1,5,0,8,0
362,32,4,0,16,6,6,0,2,31,0,8,16,1,11,0,7,0,3,0,9,10,1,5,0,11,0
363,26,5,0,16,5,8,0,1,52,0,4,15,6,12,0,7,0,2,0,11,21,1,5,0,10,0
364,23,5,0,11,5,5,0,3,46,0,3,16,13,10,0,7,0,10,0,9,24,4,5,0,10,0
365,25,4,0,7,4,0,0,1,54,0,2,21,8,9,0,11,0,3,0,10,29,1,0,0,10,0
366,33,8,0,8,2,0,0,5,48,0,2,24,10,8,0,5,0,5,0,8,27,2,0,0,12,0
367,25,2,0,7,6,0,0,3,48,0,6,23,4,12,0,8,0,9,0,8,34,5,0,0,11,0
368,22,3,0,11,4,0,0,2,48,0,1,19,6,9,0,8,0,17,0,8,34,4,0,0,9,0
369,16,6,0,4,1,0,0,1,46,0,9,16,11,12,0,5,0,14,0,7,29,4,0,0,51,0
370,15,2,0,9,0,0,0,3,50,0,4,19,7,9,0,5,0,9,0,7,26,6,0,0,25,0
371,11,2,0,5,2,0,0,7,52,0,7,11,13,6,0,7,0,10,0,10,33,3,0,0,24,0
372,10,1,0,1,2,0,0,4,47,0,9,17,4,7,0,0,0,17,0,9,33,5,0,0,37,0
373,9,1,0,3,1,0,0,6,48,0,10,21,10,5,0,0,0,13,0,5,38,4,0,0,24,0
374,7,0,0,4,1,0,0,7,48,0,9,12,4,5,0,6,0,19,0,7,36,7,0,0,27,0
375,9,0,0,4,3,0,0,12,46,0,2,25,3,6,0,0,0,22,0,8,34,8,0,0,22,0
376,8,0,0,0,1,0,0,2,55,0,4,14,3,0,0,0,0,19,0,8,26,7,0,0,17,0
377,6,0,0,0,0,0,0,9,50,0,1,10,6,0,0,0,0,19,0,8,34,4,0,0,21,0
378,6,1,0,2,0,5,0,11,31,0,2,10,2,6,0,0,0,21,0,0,44,4,0,0,18,0
379,6,2,0,0,0,6,0,6,24,0,1,9,1,5,0,0,0,16,0,0,40,7,0,0,11,0
380,7,1,0,2,0,7,0,4,22,0,0,10,4,6,0,0,0,18,0,0,37,4,0,0,18,0
381,5,1,0,2,0,5,0,9,23,0,0,4,6,0,0,0,0,15,0,0,43,2,0,0,15,0
382,6,0,0,2,1,8,0,7,19,0,0,4,2,0,0,6,0,21,0,0,39,11,0,0,14,0
383,6,0,0,2,0,9,0,8,11,0,1,4,2,0,0,7,0,16,0,0,36,6,0,0,10,0
384,10,0,0,1,0,5,0,8,9,0,0,2,4,0,0,5,0,9,0,0,39,3,0,0,24,0
385,8,0,0,1,2,10,0,6,9,0,0,0,0,5,0,7,0,22,0,6,43,4,0,0,19,0
386,9,0,0,5,2,7,0,9,10,0,0,1,0,5,0,5,0,14,0,0,54,2,0,0,23,0
387,10,0,0,5,2,8,0,10,5,0,0,0,0,0,0,5,0,17,0,0,38,6,0,0,24,0
388,9,2,0,3,0,9,0,4,5,0,0,0,0,0,0,5,0,11,0,0,42,5,0,0,19,0
389,9,2,0,3,4,5,0,5,0,0,0,0,0,0,0,6,0,17,0,0,32,2,0,0,16,0
390,11,0,0,7,4,11,0,5,6,0,0,1,0,0,0,7,0,8,0,0,32,3,0,0,12,0
391,12,2,0,6,3,11,0,2,0,0,0,0,0,0,0,5,0,8,0,0,22,5,0,0,21,0
392,6,1,0,4,0,6,0,4,5,0,1,0,0,0,0,7,0,6,0,0,18,2,0,0,23,0
393,12,3,0,8,5,8,0,4,5,0,1,2,0,5,0,9,0,11,0,0,16,2,0,0,17,0
394,11,3,0,5,7,12,0,3,6,0,0,0,0,7,0,7,0,3,0,0,8,3,0,0,12,0
395,14,1,0,16,3,10,0,2,5,0,0,0,0,7,0,9,0,2,0,0,10,3,0,0,10,0
396,22,5,0,14,6,10,0,3,5,0,0,0,0,12,0,9,0,2,0,5,8,1,0,0,11,0
397,22,3,0,16,6,10,0,0,5,0,0,0,1,9,0,12,0,1,0,6,0,1,0,0,12,0
398,19,2,0,21,5,10,0,1,9,0,0,0,0,11,0,10,0,3,0,6,6,0,0,0,8,0
399,20,8,0,24,10,8,0,0,12,0,1,1,1,12,0,12,0,3,0,8,7,0,0,0,9,0
400,25,12,0,21,10,11,0,0,14,0,2,4,0,11,0,12,0,5,0,7,0,0,0,0,8,0
401,12,7,0,21,8,11,0,1,10,0,1,5,1,12,0,25,0,3,0,6,0,0,0,0,10,0
402,14,1,0,19,6,11,0,0,12,0,1,7,1,6,0,17,0,2,0,7,0,0,0,0,10,0
403,19,3,0,21,2,10,0,0,20,0,0,17,4,6,0,17,0,0,0,8,8,0,0,0,10,0
404,18,6,0,21,7,8,0,1,23,0,2,11,5,6,0,11,0,3,0,10,6,1,0,0,12,0
405,28,3,0,16,7,9,0,3,27,0,0,7,3,8,0,12,0,0,0,12,5,1,0,0,12,0
406,24,2,0,22,10,8,0,1,20,0,4,13,1,12,0,16,0,0,0,8,9,1,0,0,10,0
407,32,4,0,15,7,7,0,1,28,0,3,14,2,8,0,10,0,0,0,9,5,0,0,0,11,0
408,37,6,0,16,8,6,0,1,29,0,2,11,0,8,0,11,0,0,0,7,8,0,0,0,9,0
409,36,4,0,21,4,6,0,0,24,0,0,17,3,6,0,11,0,1,0,12,12,1,0,0,10,0
410,33,3,0,16,5,8,0,1,32,0,1,20,2,8,0,9,0,3,0,9,10,0,0,0,11,0
411,25,1,0,14,5,6,0,0,32,0,6,17,4,9,0,7,0,7,0,9,10,1,0,0,9,0
412,24,4,0,15,5,0,0,0,39,0,1,25,4,5,0,9,0,3,0,12,22,3,0,0,8,0
413,30,6,0,10,3,0,0,2,52,0,5,16,7,7,0,11,0,6,0,8,22,4,5,0,11,0
414,30,2,0,8,7,5,0,1,48,0,4,11,11,5,0,10,0,5,0,10,26,0,5,0,18,0
415,20,2,0,10,5,0,0,4,50,0,4,10,10,8,0,10,0,11,0,6,32,5,5,0,26,0
416,27,4,0,8,2,0,0,6,59,0,6,22,8,9,0,8,0,8,0,7,20,3,5,0,21,0
417,14,1,0,2,3,0,0,8,48,0,2,13,2,12,0,0,0,14,0,6,37,2,5,0,36,0
418,14,4,0,4,1,0,0,8,52,0,9,18,7,5,0,0,0,12,0,8,36,3,5,0,24,0
419,10,1,0,4,1,0,0,5,71,0,4,17,9,6,0,6,0,15,0,7,38,3,5,0,18,0
420,6,3,0,6,0,5,0,6,71,0,4,15,11,5,0,5,0,14,0,7,34,1,5,0,17,0
421,7,0,0,3,0,0,0,6,80,0,4,13,5,9,0,0,0,9,0,8,33,2,5,0,25,0
422,10,1,0,5,0,0,0,9,75,0,5,16,7,5,0,0,0,9,0,0,34,7,5,0,27,0
423,11,1,0,5,1,0,0,4,45,0,3,25,10,5,0,0,0,17,0,7,38,4,5,0,23,0
424,10,0,0,4,1,5,0,5,47,0,5,10,7,5,0,0,0,13,0,5,36,6,5,0,10,0
425,8,0,0,1,0,5,0,3,44,0,5,19,9,0,0,5,0,19,0,5,41,3,5,0,15,0
426,6,0,0,1,1,0,0,4,38,0,1,7,8,5,0,0,0,24,0,8,42,4,5,0,24,0
427,7,0,0,0,2,6,0,9,31,0,5,11,2,5,0,5,0,13,0,5,45,6,5,0,14,0
428,0,0,0,3,1,5,0,3,20,0,2,5,2,0,0,0,0,9,0,0,43,6,5,0,17,0
429,0,1,0,4,0,6,0,6,20,0,2,3,0,0,0,6,0,15,0,0,50,1,5,0,18,0
430,0,0,0,2,1,7,0,10,7,0,1,2,1,5,0,6,0,14,0,0,39,5,5,0,17,0
431,7,0,0,5,1,6,0,10,12,0,0,3,0,0,0,6,0,17,0,0,39,7,5,0,23,0
432,6,1,0,5,1,7,0,9,7,0,0,1,1,0,0,5,0,17,0,0,37,4,5,0,22,0
433,7,1,0,6,2,6,0,7,10,0,0,0,0,0,0,6,0,17,0,5,49,3,5,0,11,0
434,9,0,0,6,2,8,0,6,0,0,0,2,0,0,0,7,0,10,0,0,32,9,5,0,20,0
435,9,1,0,2,0,7,0,4,6,0,0,0,0,0,0,7,0,14,0,0,29,5,5,0,23,0
436,6,2,0,6,0,6,0,1,5,0,0,0,0,0,0,9,0,20,0,7,35,4,5,0,10,0
437,8,0,0,8,6,11,0,3,0,0,1,1,0,5,0,9,0,12,0,0,40,6,5,0,12,0
438,7,2,0,8,2,5,0,12,5,0,2,2,0,0,0,6,0,5,0,0,36,1,5,4,11,0
439,14,2,0,3,2,8,0,7,0,0,0,1,0,6,0,7,0,11,0,0,25,1,5,4,20,0
440,21,2,0,5,8,6,0,3,0,0,0,1,0,5,0,7,0,11,0,0,12,4,5,2,21,0
441,13,1,0,9,2,7,0,1,5,0,1,0,1,0,0,7,0,15,0,0,17,1,5,0,11,0
442,21,1,0,9,3,9,0,3,5,0,0,0,0,5,0,7,0,4,0,5,18,3,5,0,10,0
443,20,2,0,11,3,11,0,1,6,0,0,0,1,5,0,0,0,4,0,6,6,2,5,0,12,0
444,15,2,0,10,10,8,0,3,6,0,0,1,0,5,0,6,0,0,0,0,6,2,5,0,17,0
445,15,8,0,11,7,8,0,0,6,0,0,0,0,5,0,10,0,4,0,5,8,2,5,0,15,0
446,24,2,0,16,8,8,0,0,11,0,0,2,1,7,0,11,0,4,0,6,5,2,5,0,12,0
447,24,4,0,20,5,7,0,1,8,0,2,1,2,8,0,12,0,3,0,6,5,0,5,0,18,0
448,27,2,0,14,15,11,0,2,7,0,2,1,1,10,0,11,0,0,0,7,5,0,5,0,20,0
449,25,12,0,22,7,11,0,1,13,0,2,4,4,10,0,10,0,0,0,7,5,0,5,0,13,0
450,18,4,0,17,6,6,0,0,21,0,4,5,3,12,0,12,0,0,0,10,5,1,5,0,10,0
451,25,2,0,19,8,10,0,0,22,0,4,14,2,6,0,15,0,1,0,10,0,0,5,0,13,0
452,25,5,0,12,12,5,0,0,26,0,1,10,8,7,0,16,0,0,0,9,0,0,5,0,13,0
453,25,3,0,18,11,10,0,0,24,0,4,11,4,8,0,17,0,0,0,10,0,0,5,0,10,0
454,23,5,0,12,7,9,0,0,20,0,4,12,3,11,0,18,0,1,0,7,0,1,5,0,19,0
455,21,3,0,18,9,10,0,1,24,0,3,14,5,9,0,15,0,0,0,6,6,1,5,0,20,0
456,19,7,0,11,8,5,0,1,36,0,1,16,9,9,0,12,0,4,0,10,7,1,5,0,21,0
457,24,6,0,19,12,7,0,3,40,0,2,15,6,8,0,14,0,6,0,11,10,5,5,0,12,0
458,22,10,0,11,7,5,0,2,43,0,4,18,0,10,0,10,0,7,0,7,11,2,5,0,22,0
459,18,6,0,14,7,7,0,1,34,0,0,10,3,9,0,8,0,2,0,12,12,0,5,0,26,0
460,27,3,0,18,5,0,0,1,51,0,4,15,13,5,0,12,0,6,0,7,10,1,5,0,11,0
461,28,6,0,14,7,0,0,6,59,0,6,26,8,7,0,10,0,4,0,5,21,3,5,0,25,0
462,27,2,0,9,6,0,0,6,63,0,1,23,8,10,0,9,0,9,0,0,25,3,5,0,21,0
463,16,3,0,21,2,0,0,5,62,0,3,22,6,11,0,6,0,2,0,9,35,5,5,0,14,0
464,21,5,0,12,4,0,0,5,62,0,5,17,7,11,0,6,0,7,0,8,26,5,6,0,12,0
465,16,2,0,6,3,5,0,9,68,0,5,33,7,10,0,6,0,10,0,9,23,4,5,0,11,0
466,11,2,0,5,3,5,0,3,68,0,4,15,9,9,0,8,0,18,0,10,36,2,5,0,8,0
467,9,4,0,5,0,0,0,9,64,0,6,16,11,7,0,6,0,10,0,6,31,3,5,0,12,0
468,9,3,0,7,0,0,0,5,64,0,2,16,14,0,0,0,0,11,0,9,31,4,5,0,9,0
469,8,2,0,1,0,0,0,8,55,0,4,18,10,0,0,6,0,15,0,9,19,4,5,0,9,0
470,9,3,0,5,2,0,0,8,61,0,5,19,16,5,0,0,0,21,0,6,40,6,5,0,15,0
471,9,3,0,4,0,0,0,5,50,0,4,6,10,6,0,0,0,20,0,6,38,7,5,0,10,0
472,6,1,0,1,0,0,0,7,46,0,5,16,9,5,0,0,0,13,0,7,43,5,5,0,8,0
473,10,0,0,3,2,5,0,8,52,0,1,14,6,0,0,0,0,18,0,7,21,6,5,0,10,0
474,7,2,0,1,0,0,0,5,41,0,3,16,7,0,0,0,0,22,0,5,52,15,5,0,15,0
475,8,2,0,2,0,5,0,7,31,0,3,14,3,0,0,0,0,16,0,5,39,7,5,0,11,0
476,5,0,0,1,0,9,0,4,23,0,0,10,2,0,0,0,0,16,0,0,40,7,5,0,12,0
477,5,0,0,4,1,9,0,11,31,0,2,6,3,0,0,0,0,11,0,5,37,5,5,0,10,0
478,6,2,0,2,0,5,0,9,30,0,1,3,1,0,0,8,0,24,0,6,36,6,5,0,16,0
479,7,1,0,5,0,8,0,8,17,0,1,4,6,0,0,8,0,13,0,5,42,1,5,0,14,0
480,7,1,0,5,1,10,0,10,10,0,1,2,2,0,0,9,0,15,0,0,56,1,5,0,22,0
481,5,2,0,0,4,10,0,7,12,0,0,1,0,5,0,8,0,18,0,0,42,6,5,0,19,0
482,12,3,0,9,2,7,0,8,8,0,0,1,1,0,0,6,0,26,0,5,40,3,5,0,22,0
483,9,3,0,13,7,10,0,7,14,0,0,2,0,0,0,10,0,12,0,5,35,7,5,0,19,0
484,20,4,0,8,5,9,0,4,6,0,3,0,0,0,0,10,0,15,0,0,38,3,5,0,25,0
485,17,5,0,6,6,12,0,5,0,0,0,0,1,0,0,10,0,12,0,0,44,3,5,0,29,0
486,25,2,0,16,12,9,0,5,5,0,0,2,0,5,0,14,0,10,0,0,29,2,5,0,41,0
487,24,10,0,21,7,9,0,4,0,0,1,0,0,0,0,10,0,10,0,0,18,1,5,0,44,0
488,26,8,0,28,5,9,0,4,5,0,0,1,0,5,0,10,0,10,0,0,20,1,5,0,38,0
489,21,6,0,22,12,8,0,3,5,0,0,1,0,5,0,11,0,7,0,0,10,1,5,0,39,0
490,35,6,0,16,11,8,0,4,0,0,0,0,0,7,0,12,0,11,0,0,12,0,5,0,39,0
491,24,2,0,13,9,10,0,1,0,0,0,3,0,7,0,11,0,5,0,5,16,2,5,0,41,0
492,30,10,0,16,5,11,0,2,5,0,0,4,0,8,0,13,0,6,0,5,10,3,5,0,26,0
493,21,3,0,18,8,8,0,0,6,0,2,4,0,7,0,20,0,4,0,7,8,2,5,0,22,0
494,24,6,0,13,6,10,0,1,6,0,2,3,0,10,0,20,0,5,0,5,6,1,5,0,23,0
495,28,1,0,28,10,8,0,0,10,0,1,6,2,9,0,22,0,2,0,6,7,2,5,0,24,0
496,38,7,0,15,7,7,0,1,14,0,4,8,2,5,0,13,0,1,0,6,5,1,5,0,21,0
497,43,5,0,26,20,5,0,2,20,0,3,16,2,9,0,19,0,1,0,0,0,1,5,0,33,0
498,38,5,0,28,15,0,0,1,26,0,2,10,5,9,0,21,0,0,0,7,0,1,5,0,27,0
499,28,3,0,23,13,7,0,1,25,0,3,11,3,12,0,15,0,0,0,8,0,1,5,0,20,0
500,34,9,0,19,13,7,0,0,35,0,3,14,6,12,0,15,0,1,0,6,0,0,5,0,11,0
501,34,9,0,16,7,5,0,0,38,0,1,17,6,8,0,16,0,1,0,11,0,0,5,0,22,0
502,25,8,0,21,9,6,0,1,38,0,1,16,7,12,0,15,0,2,0,11,5,0,5,0,16,0
503,24,7,0,18,14,8,0,2,40,0,5,18,7,10,0,12,0,0,0,7,5,0,5,0,20,0
504,30,12,0,24,9,6,0,1,50,0,3,16,11,12,0,11,0,6,0,7,5,0,5,0,23,0
505,29,6,0,16,9,7,0,2,45,0,7,19,6,12,0,17,0,3,0,8,11,1,5,0,26,0
506,24,2,0,15,13,6,0,2,49,0,5,10,7,12,0,9,0,8,0,11,16,1,5,0,27,0
507,31,14,0,29,15,5,0,3,45,0,3,9,12,11,0,12,0,9,0,8,18,1,5,0,26,0
508,25,5,0,18,12,0,0,3,46,0,4,19,14,11,0,8,0,10,0,6,16,3,5,0,14,0
509,19,7,0,14,9,7,0,3,48,0,4,16,8,8,0,11,0,12,0,6,12,5,5,0,18,0
510,28,9,0,9,11,5,0,4,46,0,7,21,10,9,0,10,0,6,0,0,28,1,5,0,16,0
511,35,3,0,16,8,6,0,6,52,0,7,17,11,6,0,12,0,13,0,6,30,2,5,0,10,0
512,24,6,0,14,6,0,0,9,55,0,8,13,11,8,0,9,0,14,0,9,22,2,5,0,12,0
513,25,6,0,8,4,5,0,8,50,0,11,24,5,7,0,9,0,12,0,6,29,1,5,0,12,0
514,18,5,0,11,2,0,0,8,51,0,4,15,8,9,0,9,0,16,0,7,21,3,5,0,7,0
515,7,9,0,6,1,5,0,11,68,0,1,16,7,11,0,7,0,15,0,12,31,2,5,0,9,0
516,9,0,8,6,2,6,0,8,61,0,4,10,11,6,0,5,0,17,0,7,36,3,5,0,12,0
517,12,1,0,6,1,5,0,11,50,0,4,16,4,6,0,0,0,20,0,6,35,6,5,0,12,0
518,7,2,0,0,0,6,0,8,52,0,3,13,9,8,0,0,0,28,0,7,37,2,5,0,10,0
519,8,1,0,2,0,0,0,6,60,0,4,15,9,0,0,6,0,17,0,8,47,1,5,0,12,0
520,7,0,0,2,0,0,0,5,43,0,2,15,12,6,0,0,0,28,0,7,35,4,5,8,13,0
521,5,0,0,3,0,0,0,12,33,0,6,5,7,6,0,5,0,24,0,5,39,4,5,8,12,0
522,9,0,0,3,0,0,0,7,38,0,2,8,4,0,0,0,0,23,0,6,35,3,5,7,11,0
523,6,1,0,0,0,10,0,13,33,0,3,6,4,0,0,0,0,18,0,5,40,7,5,0,12,0
524,6,0,0,4,0,8,0,9,35,0,3,6,7,0,0,0,0,23,0,6,40,3,5,0,12,0
525,8,1,0,0,3,5,0,6,18,0,2,7,4,0,0,5,0,14,0,0,38,10,5,0,13,0
526,7,1,0,1,0,6,0,8,27,0,0,4,4,0,0,7,0,11,0,6,43,7,5,0,10,0
527,7,0,0,3,2,8,0,9,17,0,2,5,4,0,0,9,0,25,0,7,30,3,5,0,20,0
528,6,0,0,4,1,8,0,9,10,0,1,5,1,0,0,7,0,12,0,0,26,2,5,0,21,0
529,10,1,0,3,3,6,0,6,11,0,0,2,0,0,0,10,0,14,0,0,33,6,5,0,23,0
530,8,3,0,9,4,7,0,5,10,0,0,0,1,0,0,9,0,28,0,0,36,3,5,0,22,0
531,8,3,0,9,4,7,0,5,10,0,0,0,1,0,0,9,0,28,0,0,36,3,5,0,22,0
532,11,3,0,15,3,6,0,8,0,0,1,2,0,5,0,9,0,26,0,0,32,3,5,0,21,0
533,22,2,0,15,5,10,0,3,0,0,1,2,0,5,0,11,0,13,0,0,32,4,5,0,31,0
534,23,4,0,15,9,10,0,1,0,0,0,1,1,0,0,12,0,11,0,0,24,1,5,0,40,0
535,25,2,0,14,6,12,0,4,0,0,0,1,0,0,0,12,0,16,0,0,25,4,5,0,39,0
536,25,4,0,15,10,9,0,4,5,0,0,0,0,5,0,12,0,20,0,0,20,4,5,0,35,0
537,20,5,0,25,14,10,0,4,0,0,0,1,0,5,0,19,0,3,0,0,18,2,5,0,36,0
538,20,5,0,26,6,12,0,3,0,0,0,2,0,5,0,14,0,5,0,0,17,1,5,0,33,0
539,29,2,0,13,6,7,0,1,6,0,0,1,1,5,0,19,0,5,0,5,12,1,5,0,39,0
540,22,2,0,22,12,11,0,1,5,0,0,1,0,7,0,13,0,7,0,0,12,0,5,0,26,0
541,24,5,0,19,10,12,0,1,0,0,2,1,0,10,0,13,0,5,0,5,7,2,5,0,21,0
542,31,6,0,18,10,7,0,0,5,0,0,3,0,12,0,12,0,6,0,0,0,0,5,0,24,0
543,37,7,0,16,8,6,0,0,8,0,1,4,3,8,0,16,0,3,0,5,5,2,5,0,27,0
544,38,4,0,22,9,9,0,0,20,0,2,6,3,12,0,12,0,0,0,0,0,1,5,0,34,0
545,34,5,0,24,10,9,0,1,22,0,4,8,3,8,0,17,0,2,0,5,6,4,5,0,32,0
546,29,5,0,29,8,6,0,1,25,0,5,7,4,0,0,12,0,2,0,8,0,3,5,0,37,0
547,33,6,0,13,10,8,0,0,38,0,1,7,5,7,0,21,0,3,0,6,5,0,5,0,27,0
548,29,4,0,26,9,7,0,1,39,0,1,8,4,0,0,18,0,1,0,7,0,0,5,0,28,0
549,37,1,0,18,11,11,0,1,41,0,4,12,6,8,0,12,0,2,0,8,0,0,5,0,28,0
550,22,5,0,12,10,11,0,0,38,0,9,15,11,7,0,11,0,2,0,6,5,0,5,0,18,0
551,19,7,0,22,13,8,0,0,43,0,4,21,3,7,0,22,0,3,0,9,0,0,5,0,23,0
552,21,7,0,18,9,7,0,1,53,0,5,20,9,7,0,11,0,2,0,9,5,2,5,0,20,0
553,21,1,0,13,6,6,0,4,38,0,8,15,10,7,0,23,0,4,0,9,7,0,5,0,17,0
554,32,11,0,15,12,7,0,1,54,0,3,24,9,10,0,13,0,3,0,8,10,0,5,0,11,0
555,19,4,0,13,4,5,0,1,53,0,4,18,6,12,0,17,0,4,0,7,15,1,5,0,11,0
556,22,6,0,9,6,6,0,3,53,0,6,20,11,6,0,15,0,4,0,7,23,2,5,0,10,0
557,21,4,0,16,4,0,0,4,47,0,3,17,11,5,0,17,0,6,0,6,23,0,5,0,12,0
558,24,4,0,7,4,5,0,6,51,0,7,8,12,12,0,18,0,10,0,5,20,1,5,0,8,0
559,20,5,0,3,2,0,0,3,52,0,7,18,20,8,0,10,0,12,0,6,13,0,5,0,0,0
560,23,3,0,6,4,5,0,3,40,0,2,21,5,7,0,6,0,11,0,9,22,2,5,0,5,0
561,17,0,0,5,1,5,0,7,54,0,4,15,8,9,0,0,0,20,0,6,24,3,5,0,6,0
562,12,0,0,4,2,0,0,3,54,0,5,16,10,10,0,7,0,15,0,9,26,5,5,0,7,0
563,8,0,0,3,2,0,0,2,60,0,6,14,7,7,0,7,0,14,0,7,20,4,5,0,10,0
564,10,0,0,3,0,0,0,4,58,0,5,17,13,5,0,7,0,18,0,7,35,1,5,0,8,0
565,12,1,0,3,3,0,0,4,58,0,2,17,14,7,0,6,0,14,0,5,37,1,5,0,7,0
566,9,1,0,2,0,0,0,11,57,0,4,14,11,8,0,6,0,22,0,7,37,3,5,0,6,0
567,6,1,0,3,1,0,0,7,45,0,5,15,11,0,0,5,0,12,0,9,43,3,5,0,11,0
568,9,1,0,5,0,0,0,7,36,0,6,14,11,7,0,0,0,19,0,6,43,9,5,0,12,0
569,6,2,0,2,0,5,0,4,35,0,3,16,3,0,0,0,0,19,0,5,44,2,5,0,9,0
570,7,2,0,1,0,0,0,5,32,0,1,8,5,0,0,0,0,23,0,8,48,5,5,0,9,0
571,7,2,0,0,1,5,0,5,19,0,1,9,2,5,0,0,0,17,0,6,43,4,5,0,9,0
572,9,0,0,0,0,6,0,3,19,0,0,3,2,0,0,0,0,18,0,6,44,4,5,0,12,0
573,7,1,0,1,1,6,0,6,11,0,1,3,1,0,0,5,0,8,0,9,36,5,5,0,15,0
574,7,1,0,0,2,9,0,5,10,0,0,5,0,0,0,8,0,17,0,5,35,6,5,0,10,0
575,5,1,0,2,0,7,0,8,9,0,1,6,1,5,0,7,0,20,0,0,29,7,5,0,12,0
576,6,0,0,1,1,8,0,11,12,0,0,0,1,5,0,5,0,13,0,0,44,4,5,0,12,0
577,0,0,0,0,0,7,0,3,12,0,1,0,0,0,0,0,0,18,0,0,40,6,5,0,12,0
578,9,1,0,3,1,5,0,7,6,0,0,2,1,0,0,6,0,18,0,0,28,8,5,0,7,0
579,14,1,0,3,1,0,0,9,8,0,0,1,0,6,0,6,0,16,0,0,35,5,5,0,17,0
580,5,2,0,5,3,8,0,7,5,0,1,1,0,0,0,7,0,18,0,0,34,2,5,0,23,0
581,9,2,0,4,2,8,0,0,0,0,0,0,0,6,0,0,0,9,0,0,23,3,5,0,13,0
582,7,4,0,5,6,8,0,2,5,0,0,0,0,5,0,5,0,7,0,0,23,2,5,0,11,0
583,10,1,0,8,4,10,0,4,0,0,0,0,0,5,0,5,0,7,0,0,24,1,5,0,12,0
584,7,1,0,8,3,7,0,3,0,0,0,0,0,5,0,6,0,4,0,0,16,3,5,0,22,0
585,10,3,0,8,3,9,0,4,5,0,0,0,1,5,0,7,0,7,0,0,27,1,5,0,21,0
586,17,5,0,12,6,12,0,5,6,0,0,1,1,5,0,10,0,13,0,0,11,3,5,0,21,0
587,18,5,0,7,2,11,0,2,0,0,1,1,0,5,0,12,0,4,0,5,7,1,5,0,20,0
588,16,6,0,9,2,12,0,0,5,0,0,0,1,6,0,12,0,2,0,5,8,1,5,0,9,0
589,17,2,0,14,8,12,0,1,5,0,0,2,0,5,0,8,0,3,0,8,6,2,5,0,20,0
590,17,3,0,14,5,10,0,1,7,0,0,2,0,7,0,10,0,4,0,6,0,1,5,0,10,0
591,26,3,0,23,8,7,0,0,18,0,1,0,2,10,0,13,0,1,0,6,5,3,5,0,10,0
592,20,8,0,19,12,11,0,0,16,0,0,6,1,7,0,21,0,2,0,5,5,3,5,0,9,0
593,27,1,0,23,8,10,0,1,16,0,2,5,1,10,0,22,0,1,0,7,5,2,5,0,7,0
594,26,4,0,25,7,9,0,0,18,0,1,5,2,7,0,21,0,1,0,7,5,0,5,0,10,0
595,26,3,0,29,5,5,0,1,24,0,3,11,3,8,0,10,0,0,0,9,6,2,5,0,12,0
596,33,3,0,11,7,10,0,1,25,0,1,9,1,9,0,11,0,0,0,6,7,0,5,0,26,0
597,30,2,0,22,8,5,0,0,16,0,2,10,1,8,0,11,0,0,0,6,6,1,5,0,18,0
598,26,4,0,14,7,7,0,2,22,0,2,6,2,12,0,27,0,0,0,7,5,1,5,0,18,0
599,23,4,0,22,7,6,0,0,20,0,3,14,1,10,0,17,0,2,0,8,6,0,5,0,14,0
600,23,6,0,16,8,5,0,0,22,0,2,14,3,9,0,11,0,1,0,7,7,0,5,0,10,0
601,24,1,0,15,9,6,0,3,20,0,2,15,5,7,0,12,0,5,0,7,5,0,5,0,12,0
602,26,5,0,21,7,0,0,4,36,0,4,12,8,5,0,19,0,1,0,9,8,0,5,0,12,0
603,22,3,0,21,10,0,0,1,25,0,1,13,4,7,0,20,0,5,0,9,12,0,5,0,11,0
604,22,2,0,14,6,0,0,1,35,0,0,16,6,10,0,16,0,7,0,5,10,0,5,0,10,0
605,23,4,0,17,7,0,0,2,36,0,1,12,6,9,0,12,0,9,0,7,20,1,5,0,12,0
606,12,2,0,13,3,0,0,0,49,0,8,17,7,12,0,10,0,15,0,6,22,2,5,0,19,0
607,22,4,0,14,1,0,0,2,56,0,8,20,4,9,0,8,0,14,0,9,22,6,5,0,12,0
608,16,3,0,12,1,0,0,10,54,0,8,25,10,11,0,12,0,13,0,5,16,1,5,0,14,0
609,18,2,0,4,1,5,0,4,50,0,3,15,5,8,0,8,0,18,0,8,18,3,5,0,37,0
610,17,3,0,2,1,0,0,2,58,0,4,23,11,5,0,0,0,17,0,6,24,6,5,0,23,0
611,21,3,0,1,0,0,0,6,61,0,5,17,11,5,0,0,0,13,0,9,15,3,5,0,17,0
612,10,1,0,0,0,0,0,2,59,0,2,16,11,5,0,0,0,19,0,10,17,5,5,0,22,0
613,9,0,0,8,1,0,0,4,53,0,7,14,14,6,0,5,0,19,0,8,26,4,5,0,12,0
614,10,1,0,6,2,0,0,5,53,0,3,15,16,5,0,0,0,21,0,7,32,5,5,0,27,0
615,8,1,0,2,2,0,0,5,53,0,6,20,13,0,0,0,0,13,0,6,25,6,5,0,15,0
616,11,0,0,1,1,0,0,4,45,0,4,18,8,5,0,0,0,17,0,7,35,3,5,0,16,0
617,8,1,0,1,2,0,0,6,41,0,1,9,10,0,0,0,0,16,0,6,35,3,5,0,25,0
618,5,0,0,2,0,7,0,8,40,0,4,18,7,0,0,0,0,18,0,5,25,5,5,0,22,0
619,6,1,0,3,0,6,0,7,25,0,2,16,3,0,0,0,0,21,0,5,40,5,5,0,14,0
620,5,0,0,1,0,5,0,9,25,0,2,6,3,5,0,0,0,21,0,0,42,10,5,0,17,0
621,5,0,0,2,2,6,0,4,20,0,4,2,1,6,0,5,0,12,0,0,53,6,5,0,12,0
622,7,0,0,2,0,9,0,5,17,0,3,3,0,0,0,9,0,16,0,0,48,8,5,0,12,0
623,6,1,0,2,1,6,0,3,11,0,4,4,0,0,0,10,0,21,0,5,52,5,5,0,12,0
624,0,1,0,3,1,6,0,9,10,0,3,0,0,5,0,5,0,23,0,0,47,6,5,0,22,0
625,8,0,0,2,0,6,0,11,8,0,0,1,0,0,0,8,0,15,0,0,40,6,5,0,20,0
626,6,1,0,1,1,5,0,10,7,0,0,0,1,0,0,8,0,12,0,0,36,4,5,0,20,0
627,7,2,0,5,1,7,0,1,7,0,1,2,0,0,0,7,0,17,0,0,43,2,5,0,13,0
628,8,2,0,7,2,8,0,3,5,0,0,0,1,0,0,8,0,18,0,0,31,6,5,0,11,0
629,9,2,0,7,2,11,0,8,5,0,0,0,0,5,0,7,0,15,0,5,29,1,5,0,9,0
630,8,5,0,8,2,7,0,3,0,0,1,0,1,0,0,11,0,10,0,5,26,2,5,0,11,0
631,12,1,0,10,3,9,0,4,5,0,0,1,1,5,0,9,0,11,0,5,18,3,5,0,16,0
632,11,3,0,3,2,9,0,3,7,0,0,2,0,0,0,11,0,2,0,0,19,4,5,0,22,0
633,12,4,0,7,3,8,0,4,0,0,0,1,0,6,0,11,0,6,0,0,18,5,5,0,20,0
634,27,2,0,13,2,9,0,1,6,0,0,1,1,5,0,10,0,3,0,0,6,5,5,0,22,0
635,19,0,0,9,4,12,0,1,0,0,1,0,1,6,0,12,0,0,0,5,11,2,5,0,15,0
636,10,3,0,15,4,8,0,2,0,0,0,0,0,10,0,10,0,5,0,5,7,1,5,0,10,0
637,12,4,0,15,4,10,0,0,6,0,0,2,0,5,0,12,0,4,0,6,5,2,5,0,12,0
638,24,9,0,19,9,12,0,1,6,0,2,3,0,7,0,11,0,0,0,0,7,2,5,0,9,0
639,22,3,0,19,3,12,0,2,11,0,0,1,2,10,0,10,0,1,0,0,5,3,5,0,10,0
640,32,5,0,19,10,10,0,2,10,0,2,8,5,10,0,12,0,2,0,7,0,0,5,0,10,0
641,22,4,0,15,8,12,0,1,11,0,0,7,1,9,0,19,0,2,0,6,10,1,5,0,6,0
642,18,4,0,10,5,12,0,1,15,0,0,9,3,9,0,11,0,1,0,8,0,0,5,0,12,0
643,24,2,0,16,9,9,0,1,19,0,1,6,2,11,0,17,0,0,0,6,5,0,5,0,12,0
644,16,5,0,12,4,7,0,0,23,0,2,9,1,8,0,13,0,0,0,7,5,0,5,0,12,0
645,18,3,0,12,7,12,0,1,18,0,2,11,3,6,0,16,0,0,0,6,7,1,5,0,11,0
646,29,2,0,10,8,8,0,0,24,0,4,7,5,10,0,18,0,0,0,10,13,0,5,0,12,0
647,15,6,0,12,10,6,0,2,11,0,1,10,7,7,0,20,0,1,0,9,5,0,5,0,12,0
648,35,8,0,11,6,6,0,2,12,0,3,18,4,7,0,19,0,0,0,9,6,0,5,0,10,0
649,23,6,0,14,6,6,0,1,24,0,0,15,1,9,0,18,0,4,0,7,10,3,5,0,10,0
650,18,3,0,15,4,6,0,2,38,0,0,7,10,12,0,18,0,4,0,7,10,1,5,0,12,0
651,13,7,0,9,10,5,0,1,33,0,2,18,8,10,0,18,0,3,0,10,10,0,5,0,10,0
652,25,0,0,23,4,0,0,4,36,0,1,18,6,7,0,11,0,9,0,7,12,4,5,0,12,0
653,17,2,0,11,6,5,0,6,44,0,0,18,6,6,0,10,0,10,0,10,18,3,5,0,12,0
654,20,4,0,6,5,0,0,3,51,0,8,22,3,8,0,8,0,10,0,5,26,2,5,0,14,0
655,20,7,0,7,2,0,0,4,47,0,7,11,4,5,0,6,0,13,0,9,22,7,5,0,28,0
656,16,6,0,6,6,0,0,5,53,0,1,22,9,12,0,6,0,9,0,10,25,4,5,0,13,0
657,14,1,0,3,1,0,0,11,56,0,5,21,7,0,0,8,0,15,0,7,34,5,5,0,33,0
658,9,0,0,5,1,0,0,6,56,0,6,19,10,6,0,5,0,20,0,10,24,1,5,0,12,0
659,14,1,0,3,1,0,0,11,51,0,5,20,9,7,0,5,0,13,0,7,18,8,5,0,21,0
660,15,0,0,3,0,0,0,12,58,0,7,16,7,9,0,5,0,22,0,10,18,2,5,0,19,0
661,9,2,0,4,3,0,0,7,58,0,6,19,11,5,0,5,0,18,0,8,26,4,5,0,16,0
662,11,1,0,4,2,0,0,10,57,0,8,21,11,0,0,5,0,18,0,10,33,3,5,0,23,0
663,5,2,0,1,0,0,0,8,51,0,5,10,8,6,0,0,0,17,0,5,31,3,5,0,11,0
664,8,1,0,3,0,0,0,5,50,0,6,10,16,0,0,0,0,16,0,0,35,3,5,0,7,0
665,6,2,0,2,0,5,0,13,40,0,1,13,7,0,0,0,0,17,0,5,38,4,5,0,11,0
666,5,0,0,1,0,5,0,10,31,0,2,6,1,6,0,0,0,14,0,0,40,3,5,0,23,0
667,5,0,0,2,1,5,0,5,21,0,2,7,2,0,0,0,0,21,0,0,42,11,5,0,20,0
668,5,0,0,4,0,6,0,6,21,0,2,3,0,0,0,0,0,18,0,5,27,7,5,0,23,0
669,0,0,0,1,1,8,0,6,11,0,0,6,1,0,0,6,0,24,0,0,40,9,5,0,17,0
670,0,0,0,2,0,8,0,9,12,0,1,4,4,0,0,7,0,17,0,0,50,5,5,0,17,0
671,8,0,0,2,2,5,0,8,11,0,2,3,1,6,0,9,0,16,0,0,38,6,5,0,18,0
672,6,0,0,5,1,9,0,7,11,0,1,5,0,0,0,6,0,18,0,0,38,6,5,0,28,0
673,8,2,0,4,0,11,0,6,6,0,1,1,1,0,0,8,0,18,0,0,39,4,5,0,21,0
674,6,0,0,4,1,5,0,6,5,0,0,0,1,0,0,10,0,11,0,0,41,6,5,0,18,0
675,10,0,0,6,3,7,0,11,6,0,0,1,0,0,0,9,0,10,0,0,31,6,5,0,13,0
676,12,1,0,7,7,5,0,3,6,0,0,1,0,0,0,8,0,11,0,0,34,8,5,0,18,0
677,8,1,0,4,1,8,0,6,0,0,0,0,1,5,0,9,0,13,0,5,37,5,5,0,17,0
678,12,1,0,4,6,8,0,3,5,0,1,0,0,5,0,12,0,11,0,0,33,8,5,0,12,0
679,12,1,0,10,6,8,0,5,6,0,0,0,0,0,0,12,0,6,0,0,28,3,5,0,12,0
680,11,2,0,9,5,9,0,3,5,0,0,0,0,0,0,12,0,9,0,0,24,3,5,0,10,0
681,12,4,0,9,4,8,0,1,5,0,0,0,1,5,0,12,0,7,0,0,10,0,5,0,14,0
682,23,5,0,8,7,10,0,1,0,0,1,0,0,6,0,12,0,2,0,0,11,2,5,0,25,0
683,21,2,0,16,6,8,0,1,5,0,1,0,0,8,0,13,0,1,0,0,6,0,5,0,15,0
684,13,1,0,11,8,8,0,2,6,0,0,1,0,5,0,13,0,5,0,5,5,0,5,0,11,0
685,20,8,0,11,5,9,0,0,11,0,0,1,0,0,0,23,0,2,0,5,5,0,5,0,10,0
686,26,3,0,23,1,6,0,1,17,0,0,2,0,7,0,23,0,0,0,0,5,0,5,0,12,0
687,24,1,0,15,3,9,0,1,11,0,3,1,1,8,0,25,0,1,0,6,0,0,5,0,11,0
688,18,6,0,13,6,8,0,0,17,0,2,7,3,9,0,20,0,2,0,6,0,0,5,0,10,0
689,25,7,0,22,7,10,0,1,18,0,3,12,5,7,0,16,0,1,0,5,6,0,5,0,8,0
690,26,3,0,18,8,8,0,0,18,0,1,12,1,7,0,13,0,0,0,8,5,0,5,0,12,0
691,25,4,0,13,4,6,0,0,18,0,1,10,5,10,0,17,0,0,0,7,0,0,5,0,10,0
692,21,8,0,23,7,8,0,0,26,0,3,5,4,11,0,21,0,1,0,6,0,0,5,0,14,0
693,22,6,0,23,5,9,0,0,21,0,6,10,5,9,0,11,0,0,0,8,5,0,5,0,21,0
694,28,5,0,16,10,8,0,0,25,0,3,12,3,9,0,21,0,1,0,8,0,1,5,0,17,0
695,22,6,0,14,6,5,0,0,26,0,3,11,3,6,0,19,0,2,0,9,5,1,5,0,15,0
696,23,4,0,22,4,10,0,1,34,0,3,9,3,7,0,10,0,0,0,12,8,2,5,0,11,0
697,26,4,0,16,3,0,0,2,26,0,3,11,4,6,0,12,0,1,0,12,7,1,5,0,12,0
698,22,6,0,21,6,5,0,1,42,0,3,17,4,7,0,11,0,2,0,8,11,0,5,0,12,0
699,26,3,0,15,5,5,0,2,47,0,4,19,11,6,0,18,0,4,0,7,12,2,5,0,19,0
700,16,2,0,15,9,5,0,4,50,0,3,13,4,5,0,13,0,6,0,7,10,1,5,0,12,0
701,28,4,0,9,13,0,0,1,50,0,3,21,3,11,0,12,0,11,0,6,24,3,5,0,12,0
702,20,4,0,9,5,0,0,2,63,0,5,20,7,7,0,5,0,7,0,8,22,1,5,0,7,0
703,20,4,0,14,4,0,0,1,68,0,5,20,6,8,0,9,0,4,0,12,19,2,5,0,6,0
704,18,1,0,8,2,0,0,5,54,0,3,18,4,8,0,10,0,9,0,8,21,3,5,0,7,0
705,9,1,0,7,5,0,0,11,48,0,4,15,6,10,0,0,0,13,0,10,18,4,5,0,11,0
706,10,2,0,5,2,5,0,7,53,0,2,25,4,8,0,0,0,12,0,10,23,4,5,0,6,0
707,9,3,0,2,3,5,0,3,54,0,5,13,10,6,0,6,0,13,0,7,28,4,5,0,7,0
708,10,1,0,3,2,5,0,8,49,0,4,12,8,0,0,5,0,23,0,6,10,2,5,0,8,0
709,12,0,0,3,1,5,0,6,47,0,3,21,6,0,0,0,0,15,0,6,30,7,5,0,9,0
710,12,1,0,3,1,0,0,3,50,0,1,12,7,0,0,0,0,26,0,8,20,5,5,0,10,0
711,12,1,0,3,0,0,0,6,47,0,2,12,8,0,0,0,0,17,0,8,25,6,5,0,10,0
712,10,0,0,3,1,0,0,4,51,0,1,9,9,5,0,0,0,18,0,7,32,3,5,0,10,0
713,5,2,0,4,1,5,0,10,46,0,2,4,7,0,0,5,0,17,0,7,41,6,5,0,9,0
714,8,0,0,4,0,6,0,12,44,0,4,10,8,0,0,5,0,15,0,0,40,5,5,0,12,0
715,7,0,0,1,0,7,0,16,32,0,2,6,5,0,0,0,0,16,0,6,34,2,5,0,11,0
716,6,0,0,1,0,6,0,9,20,0,2,9,4,0,0,5,0,35,0,5,44,6,5,0,11,0
717,0,0,0,3,0,8,0,7,14,0,0,5,0,5,0,5,0,22,0,0,28,9,5,0,12,0
718,6,1,0,1,0,7,0,7,18,0,0,4,0,0,0,0,0,11,0,0,43,8,5,0,11,0
719,8,0,0,4,0,5,0,6,17,0,0,2,2,0,0,5,0,24,0,5,52,9,5,0,11,0
720,5,2,0,9,2,9,0,7,7,0,2,4,0,0,0,6,0,20,0,0,39,2,5,0,10,0
721,7,0,0,4,2,7,0,6,9,0,0,3,0,0,0,9,0,13,0,0,42,5,5,0,12,0
722,7,3,0,5,2,6,0,7,12,0,1,0,0,0,0,9,0,10,0,0,29,6,5,0,11,0
723,7,3,0,6,3,6,0,7,6,0,1,1,0,0,0,7,0,12,0,0,38,3,5,0,19,0
724,6,3,0,7,4,8,0,5,6,0,1,0,0,0,0,12,0,13,0,0,41,5,5,0,19,0
725,9,6,0,6,4,6,0,8,7,0,0,1,0,0,0,11,0,6,0,0,36,3,5,0,15,0
726,12,2,0,13,4,10,0,6,6,0,0,1,0,0,0,11,0,10,0,0,33,4,5,0,17,0
727,12,4,0,7,2,12,0,1,5,0,0,1,0,5,0,11,0,10,0,0,11,2,5,0,23,0
728,11,1,0,17,7,8,0,3,5,0,0,0,1,5,0,12,0,8,0,0,11,2,5,0,18,0
729,17,2,0,11,3,7,0,0,0,0,0,0,1,0,0,12,0,6,0,0,14,1,5,0,9,0
730,13,2,0,11,7,9,0,2,7,0,0,0,0,6,0,13,0,4,0,0,17,0,5,0,11,0
731,12,1,0,8,4,11,0,2,0,0,0,0,0,5,0,18,0,5,0,0,9,0,5,0,9,0
732,16,3,0,13,4,6,0,0,6,0,0,0,0,8,0,18,0,5,0,0,8,2,5,0,12,0
733,13,2,0,12,7,8,0,1,8,0,1,0,0,9,0,21,0,4,0,6,6,0,5,0,10,0
734,24,3,0,14,6,12,0,0,8,0,0,1,0,7,0,19,0,3,0,0,8,1,5,0,10,0
735,19,3,0,23,4,9,0,0,12,0,1,5,1,6,0,20,0,1,0,0,0,0,5,0,8,0
736,28,1,0,12,3,11,0,1,11,0,0,2,1,6,0,17,0,2,0,0,0,0,5,0,11,0
737,24,4,0,15,6,12,0,0,20,0,2,8,4,6,0,20,0,2,0,5,0,0,5,0,12,0
738,34,1,0,27,12,7,0,0,19,0,2,15,5,6,0,27,0,0,0,7,5,0,5,0,8,0
739,22,7,0,21,4,12,0,0,26,0,2,8,3,10,0,15,0,0,0,7,7,0,5,0,10,0
740,25,5,0,19,10,6,0,0,20,0,1,9,7,5,0,18,0,0,0,9,5,1,5,0,9,0
741,24,6,0,24,10,9,0,0,24,0,3,17,7,6,0,17,0,0,0,10,5,1,5,0,11,0
742,29,7,0,19,10,9,0,0,18,0,0,10,4,6,0,18,0,0,0,9,0,0,5,0,20,0
743,31,4,0,19,9,7,0,1,28,0,3,11,2,9,0,10,0,1,0,8,6,0,5,0,12,0
744,24,2,0,19,6,0,0,0,33,0,2,13,6,5,0,12,0,6,0,9,9,0,5,0,12,0
745,27,5,0,17,6,5,0,3,25,0,3,13,2,9,0,25,0,4,0,5,9,1,5,0,15,0
746,25,4,0,6,8,5,0,5,32,0,0,14,5,7,0,16,0,5,0,6,9,3,5,0,18,0
747,21,3,0,16,11,0,0,3,34,0,3,11,6,7,0,10,0,7,0,11,20,0,5,0,10,0
748,23,3,0,20,6,0,0,2,41,0,4,14,7,8,0,12,0,7,0,6,26,3,5,0,13,0
749,22,9,0,17,5,5,0,4,42,0,1,10,7,6,0,10,0,7,0,8,27,5,5,0,9,0
750,24,5,0,7,7,5,0,4,45,0,4,17,6,8,0,7,0,5,0,5,21,4,5,0,6,0
751,35,3,0,6,2,0,0,4,46,0,5,16,9,6,0,6,0,14,0,7,20,3,5,0,9,0
752,19,6,0,10,4,0,0,4,55,0,5,14,4,7,0,7,0,16,0,11,23,1,5,0,9,0
753,19,0,0,5,3,0,0,6,49,0,3,14,9,10,0,0,0,11,0,8,32,9,5,0,8,0
754,16,0,0,7,3,6,0,2,50,0,3,11,3,7,0,5,0,8,0,7,36,3,5,0,12,0
755,7,0,0,5,1,0,0,8,47,0,5,14,7,7,0,7,0,13,0,11,29,9,5,0,12,0
756,10,0,0,1,0,8,0,10,54,0,5,20,6,5,0,0,0,10,0,8,25,8,5,0,7,0
757,9,2,0,2,0,5,0,5,47,0,3,13,12,8,0,0,0,19,0,10,22,7,5,0,8,0
758,8,0,0,4,2,5,0,4,52,0,5,14,5,5,0,0,0,19,0,12,28,5,5,0,8,0
759,10,1,0,5,1,6,0,14,45,0,6,14,7,5,0,0,0,22,0,7,41,4,5,0,9,0
760,8,0,0,5,2,0,0,7,38,0,1,15,5,0,0,0,0,17,0,6,43,7,5,0,12,0
761,6,0,0,4,0,5,0,8,37,0,5,12,3,0,0,0,0,17,0,6,36,7,5,0,12,0
762,6,1,0,2,1,6,0,14,30,0,3,9,2,0,0,5,0,14,0,6,34,7,5,0,12,0
763,0,0,0,1,1,7,0,15,27,0,0,11,5,0,0,6,0,21,0,6,41,7,5,0,12,0
764,5,0,0,3,0,8,0,8,14,0,1,7,0,0,0,5,0,26,0,0,54,5,5,0,10,0
765,5,0,0,5,0,7,0,9,17,0,1,2,0,0,0,6,0,14,0,0,46,5,5,0,9,0
766,0,0,0,1,1,5,0,10,9,0,0,0,2,0,0,5,0,19,0,6,43,9,5,0,12,0
767,6,0,0,2,2,10,0,7,12,0,1,2,1,0,0,6,0,20,0,5,36,5,5,0,11,0
768,7,1,0,6,2,8,0,11,11,0,0,1,2,0,0,0,0,18,0,0,40,3,5,0,22,0
769,8,0,0,3,2,6,0,11,8,0,0,2,0,0,0,7,0,14,0,0,38,6,5,0,18,0
770,10,1,0,4,0,7,0,8,5,0,1,0,0,5,0,7,0,12,0,0,43,4,5,0,11,0
771,9,1,0,3,1,10,0,7,5,0,0,1,0,0,0,10,0,10,0,0,43,5,5,0,22,0
772,11,3,0,6,0,0,0,9,6,0,0,0,0,6,0,5,0,17,0,5,38,5,5,0,17,0
773,10,1,0,4,1,5,0,7,4,0,0,0,0,0,0,6,0,9,0,5,27,2,5,0,11,0
774,11,4,0,6,2,6,0,9,4,0,0,0,0,0,0,6,0,7,0,0,26,3,5,0,12,0
775,11,4,0,7,1,8,0,4,5,0,0,1,1,5,0,9,0,4,0,0,25,3,5,0,12,0
776,12,2,0,8,4,9,0,1,0,0,1,0,0,5,0,7,0,10,0,0,20,0,5,0,11,0
777,9,2,0,10,2,8,0,3,7,0,0,1,0,5,0,11,0,6,0,0,16,1,5,0,12,0
778,12,3,0,14,7,11,0,2,5,0,0,2,0,5,0,12,0,6,0,0,5,0,5,0,11,0
779,14,4,0,10,6,7,0,1,0,0,0,1,1,5,0,10,0,3,0,5,5,3,5,0,10,0
780,26,5,0,13,7,11,0,2,6,0,0,0,1,0,0,10,0,2,0,5,9,1,5,0,15,0
781,17,1,0,24,6,17,0,1,9,0,0,1,1,10,0,15,0,2,0,0,6,0,5,0,7,0
782,21,7,0,18,7,12,0,1,9,0,0,2,2,8,0,18,0,0,0,0,6,1,5,0,11,0
783,23,6,0,13,7,11,0,1,8,0,1,2,1,7,0,17,0,2,0,5,0,0,5,0,15,0
784,28,4,0,20,4,8,0,1,10,0,1,2,0,6,0,24,0,2,0,5,0,0,5,0,11,0
785,21,5,0,17,7,8,0,0,18,0,0,9,2,10,0,23,0,0,0,8,6,0,5,0,11,0
786,23,3,0,28,2,7,0,1,24,0,4,9,3,9,0,17,0,0,0,8,0,1,5,0,11,0
787,11,5,0,19,4,12,0,1,21,0,3,9,2,9,0,10,0,0,0,10,0,0,5,0,11,0
788,25,4,0,17,7,5,0,0,26,0,5,12,2,10,0,20,0,1,0,6,5,2,5,0,11,0
789,35,7,0,18,7,6,0,2,18,0,6,7,5,12,0,12,0,0,0,10,0,0,5,0,23,0
790,34,6,0,11,6,7,0,1,25,0,3,11,2,8,0,11,0,0,0,9,5,2,5,0,24,0
791,40,2,0,18,9,5,0,1,22,0,2,14,5,8,0,10,0,0,0,9,0,2,5,0,20,0
792,40,8,0,22,12,8,0,1,22,0,1,12,2,7,0,12,0,0,0,10,8,2,5,0,25,0
793,32,10,0,17,9,7,0,0,29,0,3,10,5,11,0,12,0,2,0,10,8,1,5,0,18,0
794,28,7,0,25,9,5,0,7,29,0,5,12,3,11,0,13,0,2,0,10,14,1,5,0,17,0
795,22,3,0,24,7,5,0,4,25,0,3,7,3,7,0,10,0,8,0,10,12,1,5,0,21,0
796,30,4,0,18,8,6,0,4,36,0,2,13,9,8,0,11,0,6,0,10,12,2,5,0,23,0
797,22,5,0,10,12,5,0,3,40,0,3,14,6,9,0,12,0,6,0,9,20,3,5,0,10,0
798,30,6,0,16,8,5,0,3,42,0,0,17,12,7,0,8,0,4,0,10,34,2,5,0,8,0
799,19,8,0,18,8,5,0,3,54,0,1,15,1,11,0,7,0,9,0,14,23,4,5,0,12,0
800,12,11,0,11,5,0,0,3,39,0,8,11,4,9,0,6,0,12,0,8,35,5,5,0,11,0
801,17,2,0,8,5,0,0,3,52,0,1,16,7,10,0,6,0,15,0,7,34,3,5,0,12,0
802,10,3,0,7,2,0,0,6,53,0,5,13,7,9,0,6,0,11,0,6,28,6,5,0,12,0
803,9,2,0,4,4,5,0,8,67,0,6,30,7,9,0,0,0,18,0,10,29,9,5,0,8,0
804,9,0,0,7,2,5,0,5,54,0,4,22,7,12,0,5,0,16,0,7,37,2,5,0,10,0
805,9,1,0,10,0,0,0,15,48,0,8,14,12,7,0,0,0,13,0,9,29,4,5,0,17,0
806,9,0,0,6,4,6,0,8,52,0,3,15,9,0,0,0,0,18,0,11,39,3,5,0,15,0
807,11,1,0,2,1,5,0,7,42,0,3,11,6,6,0,5,0,28,0,12,48,4,5,0,9,0
808,6,0,0,3,1,5,0,5,41,0,2,11,14,6,0,5,0,18,0,6,38,5,5,0,13,0
809,8,0,0,2,2,5,0,10,44,0,5,10,4,0,0,7,0,21,0,9,42,10,5,0,11,0
810,7,3,0,1,1,0,0,11,33,0,1,13,8,0,0,6,0,18,0,7,39,7,5,0,15,0
811,7,1,0,2,0,7,0,7,20,0,1,6,5,0,0,0,0,19,0,6,32,4,5,0,16,0
812,6,0,0,3,0,5,0,9,24,0,0,7,5,0,0,5,0,19,0,0,50,10,5,0,10,0
813,7,0,0,1,1,7,0,9,20,0,1,8,2,5,0,6,0,19,0,5,52,8,5,0,15,0
814,0,0,0,1,0,0,0,10,18,0,1,7,1,5,0,5,0,12,0,8,51,6,5,0,11,0
815,5,1,0,5,1,8,0,9,14,0,3,6,0,0,0,6,0,25,0,5,38,4,5,0,16,0
816,11,1,0,5,1,6,0,8,11,0,0,5,1,0,0,7,0,22,0,0,38,2,5,0,18,0
817,9,0,0,3,3,8,0,7,7,0,1,3,1,0,0,11,0,19,0,0,42,3,5,0,22,0
818,12,6,0,3,2,12,0,5,5,0,0,3,1,0,0,9,0,15,0,5,43,7,5,0,12,0
819,12,5,0,14,5,13,0,5,6,0,0,1,0,5,0,10,0,11,0,0,27,5,5,0,14,0
820,10,3,0,10,5,11,0,3,6,0,0,2,0,0,0,12,0,9,0,0,28,5,5,0,27,0
821,10,5,0,15,8,13,0,4,5,0,0,0,0,6,0,11,0,10,0,0,35,9,5,0,36,0
822,25,6,0,15,9,12,0,4,7,0,0,0,0,5,0,12,0,15,0,0,27,3,5,0,35,0
823,25,8,0,18,10,11,0,2,5,0,0,1,0,6,0,11,0,15,0,5,27,4,5,0,43,0
824,27,5,0,15,5,9,0,4,5,0,0,1,0,0,0,20,0,3,0,0,22,1,5,0,41,0
825,20,3,0,28,9,11,0,0,5,0,0,1,0,0,0,20,0,11,0,0,17,0,5,0,41,0
826,25,8,0,23,6,11,0,1,0,0,0,0,0,5,0,8,0,8,0,0,15,1,5,0,32,0
827,30,4,0,27,10,12,0,1,5,0,0,0,0,5,0,18,0,5,0,0,10,2,5,0,29,0
828,23,6,0,24,7,10,0,1,5,0,1,0,1,6,0,12,0,4,0,0,17,0,5,0,32,0
829,27,8,0,35,6,9,0,4,7,0,0,1,0,7,0,11,0,6,0,5,15,1,5,0,35,0
830,20,6,0,32,13,8,0,0,9,0,0,0,0,9,0,17,0,3,0,8,9,1,5,0,37,0
831,26,10,0,16,9,6,0,0,13,0,0,6,1,6,0,11,0,3,0,8,11,1,5,0,34,0
832,34,5,0,25,4,10,0,2,21,0,3,7,5,8,0,22,0,1,0,6,6,1,5,0,30,0
833,26,11,0,20,6,12,0,1,24,0,1,8,5,9,0,17,0,1,0,6,8,0,5,0,42,0
834,25,9,0,18,8,7,0,1,22,0,3,7,5,10,0,12,0,5,0,6,0,0,5,0,22,0
835,33,5,0,21,13,10,0,0,27,0,1,12,5,9,0,11,0,3,0,8,6,0,5,0,25,0
836,37,6,0,18,11,12,0,0,44,0,4,14,4,10,0,18,0,0,0,6,6,0,5,0,32,0
837,35,8,0,17,19,10,0,0,38,0,4,13,9,12,0,14,0,0,0,8,6,0,5,0,17,0
838,34,5,0,23,19,9,0,0,45,0,3,20,2,9,0,14,0,2,0,7,0,0,5,0,15,0
839,25,3,0,23,9,9,0,2,49,0,5,18,7,10,0,12,0,0,0,8,6,0,5,0,23,0
840,33,3,0,19,9,10,0,0,42,0,6,20,7,6,0,12,0,3,0,7,8,1,5,0,22,0
841,26,3,0,27,12,8,0,1,50,0,2,16,6,7,0,12,0,6,0,8,12,1,5,0,21,0
842,27,3,0,19,10,5,0,3,39,0,1,19,8,10,0,12,0,4,0,8,7,1,5,0,22,0
843,30,3,0,29,10,6,0,4,35,0,3,16,7,5,0,12,0,2,0,9,12,4,5,0,27,0
844,28,9,0,16,7,0,0,2,45,0,4,14,7,8,0,12,0,12,0,11,28,4,5,0,18,0
845,26,4,0,15,7,0,0,2,58,0,3,20,4,11,0,10,0,8,0,12,21,3,5,0,12,0
846,30,9,0,13,5,0,0,6,55,0,4,4,8,12,0,8,0,14,0,8,27,1,5,0,12,0
847,22,11,0,9,7,0,0,5,44,0,2,8,4,6,0,7,0,9,0,11,23,3,5,0,12,0
848,24,5,0,10,2,0,0,5,49,0,5,11,9,6,0,7,0,7,0,8,29,8,5,0,9,0
849,18,2,0,9,4,5,0,9,50,0,6,21,8,7,0,6,0,11,0,7,33,3,5,0,7,0
850,11,2,0,11,4,5,0,10,49,0,3,14,5,8,0,8,0,18,0,8,38,3,5,0,9,0
851,11,1,0,2,0,0,0,8,53,0,5,19,11,11,0,7,0,13,0,8,32,2,5,0,10,0
852,5,1,0,5,2,0,0,4,62,0,4,13,6,6,0,7,0,17,0,8,38,4,5,0,12,0
853,9,1,0,4,2,0,0,7,59,0,3,16,4,5,0,8,0,11,0,5,24,6,5,0,11,0
854,7,2,0,5,0,5,0,5,45,0,3,15,12,0,0,7,0,17,0,7,29,4,5,0,10,0
855,7,0,0,6,2,0,0,1,53,0,3,10,5,0,0,5,0,15,0,11,37,3,5,0,16,0
856,10,1,0,4,2,0,0,7,44,0,4,16,9,0,0,5,0,18,0,6,38,2,5,0,7,0
857,0,3,0,4,1,6,0,7,44,0,3,13,8,0,0,0,0,22,0,5,31,3,5,0,6,0
858,7,1,0,5,1,8,0,5,27,0,0,11,4,5,0,0,0,20,0,5,30,2,5,0,6,0
859,0,1,0,4,1,11,0,10,36,0,2,9,3,5,0,0,0,24,0,0,39,2,5,0,12,0
860,0,1,0,1,1,10,0,8,30,0,2,4,6,5,0,5,0,13,0,0,36,6,5,0,21,0
861,11,0,0,2,2,12,0,5,29,0,1,4,2,0,0,0,0,17,0,0,34,7,5,0,11,0
862,8,0,0,1,3,7,0,7,25,0,0,6,1,0,0,0,0,21,0,0,39,4,5,0,13,0
863,8,1,0,4,3,8,0,7,16,0,2,5,2,0,0,5,0,14,0,0,48,2,5,0,17,0
864,0,0,0,9,3,12,0,10,18,0,0,4,2,0,0,11,0,18,0,0,36,2,5,0,14,0
865,5,0,0,4,4,11,0,8,7,0,0,2,0,5,0,10,0,11,0,5,33,6,5,0,18,0
866,6,0,0,12,2,10,0,6,8,0,0,0,0,5,0,11,0,16,0,6,45,5,5,0,24,0
867,17,4,0,12,2,11,0,6,5,0,0,0,0,0,0,11,0,21,0,0,33,8,5,0,36,0
868,17,6,0,20,8,11,0,4,6,0,0,0,0,5,0,13,0,16,0,0,38,4,5,0,25,0
869,15,4,0,14,14,12,0,8,6,0,0,1,0,0,0,14,0,20,0,6,38,5,5,0,27,0
870,13,2,0,15,12,13,0,2,0,0,0,2,0,5,0,12,0,11,0,5,38,2,5,0,40,0
871,26,8,0,19,5,10,0,0,0,0,0,1,0,0,0,12,0,14,0,0,23,3,5,0,34,0
872,25,5,0,19,6,12,0,3,0,0,0,0,2,0,0,10,0,15,0,0,22,1,5,0,33,0
873,22,1,0,16,7,12,0,3,0,0,0,2,0,0,0,11,0,11,0,0,15,1,5,0,37,0
874,20,4,0,20,10,11,0,2,5,0,0,1,0,5,0,13,0,14,0,5,16,3,5,0,37,0
875,23,5,0,16,19,10,0,2,6,0,0,0,0,6,0,9,0,1,0,6,8,1,5,0,22,0
876,22,6,0,22,15,12,0,0,6,0,0,0,0,7,0,12,0,5,0,5,10,1,5,0,25,0
877,23,7,0,16,11,11,0,2,6,0,1,1,1,8,0,12,0,5,0,5,5,1,5,0,23,0
878,21,9,0,26,13,11,0,1,10,0,3,0,1,7,0,11,0,7,0,0,8,0,5,0,25,0
879,37,5,0,20,10,10,0,0,12,0,1,0,0,12,0,18,0,1,0,5,6,0,5,0,26,0
880,34,5,0,23,12,12,0,0,10,0,0,3,0,10,0,11,0,2,0,5,5,0,5,0,22,0
881,31,12,0,20,13,9,0,1,12,0,1,9,0,10,0,19,0,5,0,5,5,0,5,0,21,0
882,29,5,0,25,4,9,0,1,21,0,4,11,4,7,0,12,0,1,0,11,0,0,5,0,21,0
883,35,3,0,23,4,5,0,1,24,0,2,10,6,6,0,11,0,0,0,7,0,1,5,0,25,0
884,38,8,0,25,6,5,0,1,35,0,4,13,4,8,0,12,0,1,0,6,0,0,5,0,20,0
885,34,8,0,18,3,6,0,1,52,0,5,12,8,8,0,16,0,1,0,8,0,0,5,0,22,0
886,29,3,0,28,9,7,0,1,44,0,5,15,5,6,0,19,0,1,0,10,6,1,5,0,33,0
887,30,10,0,26,6,8,0,2,48,0,4,15,6,12,0,20,0,3,0,8,8,0,5,0,20,0
888,32,10,0,15,12,5,0,0,57,0,3,17,13,7,0,16,0,0,0,8,7,0,5,0,19,0
889,27,4,0,19,8,0,0,2,57,0,3,20,11,6,0,10,0,2,0,8,5,2,5,0,20,0
890,22,4,0,22,8,6,0,1,61,0,10,18,9,6,0,12,0,2,0,9,12,0,5,0,19,0
891,28,4,0,17,3,5,0,1,46,0,2,27,11,7,0,10,0,4,0,12,14,1,5,0,18,0
892,25,3,0,10,5,5,0,5,47,0,4,18,6,8,0,11,0,5,0,9,19,1,5,0,10,0
893,23,3,0,21,10,0,0,3,62,0,3,23,11,9,0,10,0,9,0,8,10,1,5,0,8,0
894,21,2,0,11,5,0,0,1,53,0,3,19,6,9,0,10,0,9,0,7,22,4,5,0,6,0
895,24,2,0,8,4,5,0,2,38,0,2,17,13,9,0,9,0,5,0,5,21,5,5,0,7,0
896,20,3,0,8,3,5,0,3,53,0,4,22,5,12,0,7,0,11,0,6,23,3,5,0,0,0
897,16,1,0,11,4,6,0,4,58,0,4,19,9,9,0,6,0,9,0,10,25,0,5,0,6,0
898,10,0,0,5,5,5,0,3,49,0,5,16,11,7,0,7,0,10,0,11,29,6,5,0,0,0
899,11,2,0,4,1,5,0,0,56,0,4,20,16,5,0,7,0,6,0,8,30,7,5,0,5,0
900,12,0,0,5,0,0,0,4,60,0,3,20,12,9,0,8,0,9,0,11,22,4,5,0,8,0
901,8,0,0,5,1,0,0,3,54,0,5,19,13,6,0,7,0,24,0,7,25,2,5,0,10,0
902,6,0,0,3,0,0,0,9,49,0,6,7,13,5,0,5,0,14,0,0,38,3,5,0,8,0
903,6,0,0,4,0,0,0,8,50,0,4,19,10,0,0,5,0,19,0,6,32,1,5,0,10,0
904,8,0,0,2,1,0,0,7,41,0,5,13,11,0,0,5,0,12,0,6,35,5,5,0,10,0
905,6,0,0,0,1,0,0,9,38,0,2,15,2,5,0,0,0,19,0,5,31,7,5,0,6,0
906,0,2,0,4,0,0,0,3,31,0,0,6,5,0,0,0,0,14,0,0,51,4,5,0,8,0
907,0,0,0,4,1,6,0,7,20,0,2,4,1,5,0,0,0,25,0,0,52,3,5,0,9,0
908,0,0,0,0,2,5,0,4,17,0,2,0,4,0,0,0,0,15,0,0,55,5,5,0,8,0
909,7,0,0,0,0,5,0,8,11,0,0,2,0,0,0,5,0,8,0,0,48,4,5,0,7,0
910,5,0,0,2,0,0,0,5,11,0,0,2,1,0,0,0,0,28,0,5,31,3,5,0,12,0
911,0,0,0,3,1,7,0,8,12,0,0,1,1,0,0,5,0,8,0,0,38,6,5,0,16,0
912,13,0,0,2,0,9,0,10,12,0,3,0,0,0,0,6,0,22,0,0,36,9,5,0,18,0
913,6,0,0,4,1,10,0,3,5,0,1,2,0,0,0,0,0,14,0,0,42,3,5,0,18,0
914,12,0,0,8,0,7,0,9,6,0,0,0,0,5,0,5,0,25,0,0,34,5,5,0,13,0
915,11,0,0,5,1,8,0,4,6,0,0,1,0,0,0,8,0,17,0,5,39,2,5,0,11,0
916,11,2,0,6,2,7,0,7,5,0,0,1,1,5,0,8,0,9,0,0,34,3,5,0,12,0
917,11,1,0,8,1,8,0,4,0,0,0,0,1,0,0,11,0,12,0,0,31,1,5,0,11,0
918,8,5,0,4,1,7,0,6,5,0,0,1,0,5,0,11,0,15,0,0,28,6,5,0,12,0
919,11,1,0,6,3,12,0,1,5,0,0,0,0,0,0,12,0,7,0,0,25,1,5,0,14,0
920,11,0,0,8,1,11,0,4,0,0,0,0,0,5,0,12,0,7,0,0,17,2,5,0,15,0
921,12,11,0,8,4,10,0,1,5,0,1,0,0,5,0,18,0,8,0,0,12,2,5,0,17,0
922,12,1,0,14,2,11,0,2,5,0,0,0,0,5,0,13,0,5,0,0,12,0,5,0,9,0
923,11,1,0,12,3,9,0,0,0,0,0,1,0,7,0,19,0,4,0,6,8,0,5,0,8,0
924,8,5,0,13,4,7,0,0,6,0,0,0,0,10,0,22,0,7,0,0,6,0,5,0,11,0
925,24,4,0,15,6,10,0,1,5,0,0,0,1,5,0,19,0,0,0,5,7,0,5,0,9,0
926,26,4,0,16,8,12,0,0,7,0,1,1,2,7,0,17,0,0,0,5,6,0,5,0,10,0
927,24,5,0,19,7,8,0,1,10,0,0,3,0,7,0,22,0,0,0,5,0,1,5,0,9,0
928,20,7,0,18,5,8,0,0,11,0,0,4,2,5,0,22,0,1,0,5,0,0,5,0,7,0
929,22,1,0,15,8,12,0,1,12,0,0,6,2,5,0,24,0,0,0,9,5,0,5,0,8,0
930,25,2,0,16,7,8,0,0,13,0,2,9,2,6,0,21,0,0,0,7,6,0,5,0,12,0
931,19,6,0,18,5,12,0,0,25,0,1,8,3,7,0,19,0,0,0,7,5,1,5,0,11,0
932,19,4,0,16,11,10,0,0,12,0,1,7,2,10,0,17,0,0,0,8,6,0,5,0,12,0
933,15,5,0,17,9,12,0,0,27,0,3,9,4,11,0,12,0,1,0,5,6,0,5,0,16,0
934,22,6,0,24,7,9,0,0,23,0,1,13,7,10,0,12,0,2,0,12,5,0,5,0,19,0
935,26,5,0,12,11,11,0,0,25,0,2,9,5,12,0,10,0,0,0,12,8,0,5,0,14,0
936,25,6,0,21,7,7,0,1,21,0,3,15,2,8,0,23,0,2,0,10,7,0,5,0,6,0
937,27,3,0,16,7,5,0,2,22,0,4,9,3,8,0,18,0,1,0,10,12,2,5,0,12,0
938,25,4,0,24,7,0,0,1,27,0,4,12,9,5,0,16,0,3,0,9,8,0,5,0,21,0
939,23,10,0,17,6,0,0,0,44,0,3,15,10,5,0,17,0,3,0,10,11,2,5,0,11,0
940,21,7,0,16,7,0,1,2,44,0,3,18,9,12,0,17,0,5,0,11,14,4,5,0,11,0
941,25,4,0,23,9,0,0,1,53,0,4,11,6,9,0,10,0,12,0,8,23,0,5,0,9,0
942,25,4,0,13,6,7,0,3,46,0,4,22,8,8,0,7,0,12,0,8,20,2,5,0,8,0
943,23,4,0,13,4,7,0,2,49,0,7,15,5,6,0,8,0,21,0,7,26,2,5,0,9,0
944,22,4,0,11,2,0,0,4,56,0,3,15,8,8,0,9,0,6,0,5,22,2,5,0,8,0
945,18,0,0,6,2,0,0,5,54,0,5,15,5,5,0,7,0,16,0,7,27,4,5,0,10,0
946,11,4,0,9,2,0,0,5,45,0,4,13,9,5,0,6,0,7,0,6,23,8,5,0,7,0
947,6,0,0,6,1,0,0,1,50,0,4,19,8,6,0,0,0,19,0,8,27,3,5,0,7,0
948,10,0,0,2,4,0,0,12,71,0,5,20,13,5,0,0,0,20,0,10,33,3,5,0,12,0
949,10,1,0,3,0,6,0,7,75,0,5,18,11,6,0,0,0,14,0,7,28,6,5,0,9,0
950,12,3,0,5,3,5,0,6,66,0,5,18,11,5,0,5,0,18,0,7,33,3,5,0,8,0
951,7,0,0,2,3,0,0,7,61,0,5,15,9,0,0,0,0,10,0,6,27,4,5,0,11,0
952,8,3,0,1,0,5,0,6,52,0,3,12,6,0,0,5,0,17,0,7,37,8,5,0,10,0
953,8,1,0,3,0,0,0,10,42,0,0,13,4,5,0,0,0,22,0,8,41,2,5,0,8,0
954,6,0,0,3,0,6,0,8,34,0,5,3,4,5,0,0,0,23,0,0,46,4,5,0,7,0
955,6,0,0,6,1,5,0,16,25,0,2,7,2,5,0,0,0,26,0,0,58,5,5,0,9,0
956,0,0,0,1,2,5,0,9,16,0,1,5,0,0,0,0,0,17,0,5,41,1,5,0,12,0
957,5,0,0,2,0,6,0,9,15,0,0,6,0,0,0,7,0,14,0,0,49,9,5,0,10,0
958,6,1,0,1,0,7,0,10,12,0,2,9,2,0,0,5,0,19,0,6,50,3,5,0,15,0
959,9,0,0,3,1,6,0,7,17,0,2,3,1,0,0,7,0,22,0,5,54,6,5,0,12,0
960,9,0,0,3,2,5,0,15,6,0,5,5,0,0,0,9,0,24,0,0,50,2,5,0,13,0
961,12,1,0,1,3,6,0,11,7,0,1,2,0,7,0,6,0,13,0,6,49,3,5,0,16,0
962,6,1,0,5,1,5,0,9,9,0,0,0,0,5,0,10,0,10,0,0,42,5,5,0,19,0
963,12,2,0,11,6,6,0,5,10,0,0,0,0,6,0,7,0,10,0,0,44,1,5,0,12,0
